2026-08-11 12:59:09 [INFO] Directories initialized 
2026-08-11 12:59:09 [INFO] Queue initialized with 2 workers 
2026-08-11 12:59:09 [INFO] File watcher started (polling every 500ms): /Users/raer/Documents/code/ncapi/stuff/sagemaker-whisper/recorder/pending 
2026-08-11 12:59:09 [INFO] Transcriber started. Press Ctrl+C to stop. 
2026-08-11 12:59:12 [INFO] New file detected: /Users/raer/Documents/code/ncapi/stuff/sagemaker-whisper/recorder/pending/chunk_11_08_2026__12_59_02.mp3 
2026-08-11 12:59:12 [INFO] File ready for transcription: /Users/raer/Documents/code/ncapi/stuff/sagemaker-whisper/recorder/pending/chunk_11_08_2026__12_59_02.mp3 
2026-08-11 12:59:12 [INFO] Enqueued: /Users/raer/Documents/code/ncapi/stuff/sagemaker-whisper/recorder/pending/chunk_11_08_2026__12_59_02.mp3 (queue size: 1) 
2026-08-11 12:59:12 [INFO] Worker 2 processing: /Users/raer/Documents/code/ncapi/stuff/sagemaker-whisper/recorder/pending/chunk_11_08_2026__12_59_02.mp3 
2026-08-11 12:59:12 [INFO] Sending transcription request for: /Users/raer/Documents/code/ncapi/stuff/sagemaker-whisper/recorder/pending/chunk_11_08_2026__12_59_02.mp3 
2026-08-11 12:59:13 [INFO] Transcription successful for: /Users/raer/Documents/code/ncapi/stuff/sagemaker-whisper/recorder/pending/chunk_11_08_2026__12_59_02.mp3 
2026-08-11 12:59:13 [INFO] Transcript saved: processed/transcribed/chunk_11_08_2026__12_59_02.txt 
2026-08-11 12:59:13 [INFO] Audio file moved: processed/audio/chunk_11_08_2026__12_59_02.mp3 
2026-08-11 12:59:13 [INFO] Worker 2 completed: /Users/raer/Documents/code/ncapi/stuff/sagemaker-whisper/recorder/pending/chunk_11_08_2026__12_59_02.mp3 
2026-08-11 12:59:35 [INFO] Received SIGINT, shutting down... 
2026-08-11 13:01:04 [INFO] Directories initialized 
2026-08-11 13:01:04 [INFO] Queue initialized with 2 workers 
2026-08-11 13:01:04 [INFO] File watcher started (polling every 500ms): /Users/raer/Documents/code/ncapi/stuff/sagemaker-whisper/recorder/pending 
2026-08-11 13:01:04 [INFO] Transcriber started. Press Ctrl+C to stop. 
2026-08-11 13:01:08 [INFO] New file detected: /Users/raer/Documents/code/ncapi/stuff/sagemaker-whisper/recorder/pending/chunk_11_08_2026__13_00_58.mp3 
2026-08-11 13:01:08 [INFO] File ready for transcription: /Users/raer/Documents/code/ncapi/stuff/sagemaker-whisper/recorder/pending/chunk_11_08_2026__13_00_58.mp3 
2026-08-11 13:01:08 [INFO] Enqueued: /Users/raer/Documents/code/ncapi/stuff/sagemaker-whisper/recorder/pending/chunk_11_08_2026__13_00_58.mp3 (queue size: 1) 
2026-08-11 13:01:08 [INFO] Worker 2 processing: /Users/raer/Documents/code/ncapi/stuff/sagemaker-whisper/recorder/pending/chunk_11_08_2026__13_00_58.mp3 
2026-08-11 13:01:08 [INFO] Sending transcription request for: /Users/raer/Documents/code/ncapi/stuff/sagemaker-whisper/recorder/pending/chunk_11_08_2026__13_00_58.mp3 
2026-08-11 13:01:09 [INFO] Transcription successful for: /Users/raer/Documents/code/ncapi/stuff/sagemaker-whisper/recorder/pending/chunk_11_08_2026__13_00_58.mp3 
2026-08-11 13:01:09 [INFO] Transcript saved: processed/transcribed/chunk_11_08_2026__13_00_58.txt 
2026-08-11 13:01:09 [INFO] Audio file moved: processed/audio/chunk_11_08_2026__13_00_58.mp3 
2026-08-11 13:01:09 [INFO] Worker 2 completed: /Users/raer/Documents/code/ncapi/stuff/sagemaker-whisper/recorder/pending/chunk_11_08_2026__13_00_58.mp3 
2026-08-11 13:01:34 [INFO] Status - Queue: 0, Workers: [{"id":1,"processed":0,"failed":0,"currentFile":null},{"id":2,"processed":1,"failed":0,"currentFile":null}] 
2026-08-11 13:02:42 [INFO] Status - Queue: 0, Workers: [{"id":1,"processed":0,"failed":0,"currentFile":null},{"id":2,"processed":1,"failed":0,"currentFile":null}] 
2026-08-11 13:03:57 [INFO] Status - Queue: 0, Workers: [{"id":1,"processed":0,"failed":0,"currentFile":null},{"id":2,"processed":1,"failed":0,"currentFile":null}] 
2026-08-11 13:04:48 [INFO] Status - Queue: 0, Workers: [{"id":1,"processed":0,"failed":0,"currentFile":null},{"id":2,"processed":1,"failed":0,"currentFile":null}] 
2026-08-11 13:05:18 [INFO] Status - Queue: 0, Workers: [{"id":1,"processed":0,"failed":0,"currentFile":null},{"id":2,"processed":1,"failed":0,"currentFile":null}] 
2026-08-11 13:05:48 [INFO] Status - Queue: 0, Workers: [{"id":1,"processed":0,"failed":0,"currentFile":null},{"id":2,"processed":1,"failed":0,"currentFile":null}] 
2026-08-11 13:05:53 [INFO] Received SIGINT, shutting down... 
2026-08-11 13:05:56 [INFO] Directories initialized 
2026-08-11 13:05:56 [INFO] Queue initialized with 2 workers 
2026-08-11 13:05:56 [INFO] File watcher started (polling every 500ms): /Users/raer/Documents/code/ncapi/stuff/sagemaker-whisper/recorder/pending 
2026-08-11 13:05:56 [INFO] Transcriber started. Press Ctrl+C to stop. 
2026-08-11 13:06:16 [INFO] New file detected: /Users/raer/Documents/code/ncapi/stuff/sagemaker-whisper/recorder/pending/chunk_11_08_2026__13_05_54.mp3 
2026-08-11 13:06:16 [INFO] File ready for transcription: /Users/raer/Documents/code/ncapi/stuff/sagemaker-whisper/recorder/pending/chunk_11_08_2026__13_05_54.mp3 
2026-08-11 13:06:16 [INFO] Enqueued: /Users/raer/Documents/code/ncapi/stuff/sagemaker-whisper/recorder/pending/chunk_11_08_2026__13_05_54.mp3 (queue size: 1) 
2026-08-11 13:06:16 [INFO] Worker 2 processing: /Users/raer/Documents/code/ncapi/stuff/sagemaker-whisper/recorder/pending/chunk_11_08_2026__13_05_54.mp3 
2026-08-11 13:06:16 [INFO] Sending transcription request for: /Users/raer/Documents/code/ncapi/stuff/sagemaker-whisper/recorder/pending/chunk_11_08_2026__13_05_54.mp3 
2026-08-11 13:06:17 [INFO] Transcription successful for: /Users/raer/Documents/code/ncapi/stuff/sagemaker-whisper/recorder/pending/chunk_11_08_2026__13_05_54.mp3 
2026-08-11 13:06:17 [INFO] Transcript saved: processed/transcribed/chunk_11_08_2026__13_05_54.txt 
2026-08-11 13:06:17 [INFO] Audio file moved: processed/audio/chunk_11_08_2026__13_05_54.mp3 
2026-08-11 13:06:17 [INFO] Worker 2 completed: /Users/raer/Documents/code/ncapi/stuff/sagemaker-whisper/recorder/pending/chunk_11_08_2026__13_05_54.mp3 
2026-08-11 13:06:26 [INFO] Status - Queue: 0, Workers: [{"id":1,"processed":0,"failed":0,"currentFile":null},{"id":2,"processed":1,"failed":0,"currentFile":null}] 
2026-08-11 13:06:56 [INFO] Status - Queue: 0, Workers: [{"id":1,"processed":0,"failed":0,"currentFile":null},{"id":2,"processed":1,"failed":0,"currentFile":null}] 
2026-08-11 13:07:13 [INFO] New file detected: /Users/raer/Documents/code/ncapi/stuff/sagemaker-whisper/recorder/pending/chunk_11_08_2026__13_06_55.mp3 
2026-08-11 13:07:13 [INFO] File ready for transcription: /Users/raer/Documents/code/ncapi/stuff/sagemaker-whisper/recorder/pending/chunk_11_08_2026__13_06_55.mp3 
2026-08-11 13:07:13 [INFO] Enqueued: /Users/raer/Documents/code/ncapi/stuff/sagemaker-whisper/recorder/pending/chunk_11_08_2026__13_06_55.mp3 (queue size: 1) 
2026-08-11 13:07:13 [INFO] Worker 2 processing: /Users/raer/Documents/code/ncapi/stuff/sagemaker-whisper/recorder/pending/chunk_11_08_2026__13_06_55.mp3 
2026-08-11 13:07:13 [INFO] Sending transcription request for: /Users/raer/Documents/code/ncapi/stuff/sagemaker-whisper/recorder/pending/chunk_11_08_2026__13_06_55.mp3 
2026-08-11 13:07:13 [INFO] Transcription successful for: /Users/raer/Documents/code/ncapi/stuff/sagemaker-whisper/recorder/pending/chunk_11_08_2026__13_06_55.mp3 
2026-08-11 13:07:14 [INFO] Transcript saved: processed/transcribed/chunk_11_08_2026__13_06_55.txt 
2026-08-11 13:07:14 [INFO] Audio file moved: processed/audio/chunk_11_08_2026__13_06_55.mp3 
2026-08-11 13:07:14 [INFO] Worker 2 completed: /Users/raer/Documents/code/ncapi/stuff/sagemaker-whisper/recorder/pending/chunk_11_08_2026__13_06_55.mp3 
2026-08-11 13:07:26 [INFO] Status - Queue: 0, Workers: [{"id":1,"processed":0,"failed":0,"currentFile":null},{"id":2,"processed":2,"failed":0,"currentFile":null}] 
2026-08-11 13:07:56 [INFO] Status - Queue: 0, Workers: [{"id":1,"processed":0,"failed":0,"currentFile":null},{"id":2,"processed":2,"failed":0,"currentFile":null}] 
2026-08-11 13:08:16 [INFO] New file detected: /Users/raer/Documents/code/ncapi/stuff/sagemaker-whisper/recorder/pending/chunk_11_08_2026__13_07_55.mp3 
2026-08-11 13:08:16 [INFO] File ready for transcription: /Users/raer/Documents/code/ncapi/stuff/sagemaker-whisper/recorder/pending/chunk_11_08_2026__13_07_55.mp3 
2026-08-11 13:08:16 [INFO] Enqueued: /Users/raer/Documents/code/ncapi/stuff/sagemaker-whisper/recorder/pending/chunk_11_08_2026__13_07_55.mp3 (queue size: 1) 
2026-08-11 13:08:16 [INFO] Worker 2 processing: /Users/raer/Documents/code/ncapi/stuff/sagemaker-whisper/recorder/pending/chunk_11_08_2026__13_07_55.mp3 
2026-08-11 13:08:16 [INFO] Sending transcription request for: /Users/raer/Documents/code/ncapi/stuff/sagemaker-whisper/recorder/pending/chunk_11_08_2026__13_07_55.mp3 
2026-08-11 13:08:18 [INFO] Transcription successful for: /Users/raer/Documents/code/ncapi/stuff/sagemaker-whisper/recorder/pending/chunk_11_08_2026__13_07_55.mp3 
2026-08-11 13:08:18 [INFO] Transcript saved: processed/transcribed/chunk_11_08_2026__13_07_55.txt 
2026-08-11 13:08:18 [INFO] Audio file moved: processed/audio/chunk_11_08_2026__13_07_55.mp3 
2026-08-11 13:08:18 [INFO] Worker 2 completed: /Users/raer/Documents/code/ncapi/stuff/sagemaker-whisper/recorder/pending/chunk_11_08_2026__13_07_55.mp3 
2026-08-11 13:08:26 [INFO] Status - Queue: 0, Workers: [{"id":1,"processed":0,"failed":0,"currentFile":null},{"id":2,"processed":3,"failed":0,"currentFile":null}] 
2026-08-11 13:08:56 [INFO] Status - Queue: 0, Workers: [{"id":1,"processed":0,"failed":0,"currentFile":null},{"id":2,"processed":3,"failed":0,"currentFile":null}] 
2026-08-11 13:09:13 [INFO] New file detected: /Users/raer/Documents/code/ncapi/stuff/sagemaker-whisper/recorder/pending/chunk_11_08_2026__13_08_55.mp3 
2026-08-11 13:09:13 [INFO] File ready for transcription: /Users/raer/Documents/code/ncapi/stuff/sagemaker-whisper/recorder/pending/chunk_11_08_2026__13_08_55.mp3 
2026-08-11 13:09:13 [INFO] Enqueued: /Users/raer/Documents/code/ncapi/stuff/sagemaker-whisper/recorder/pending/chunk_11_08_2026__13_08_55.mp3 (queue size: 1) 
2026-08-11 13:09:13 [INFO] Worker 2 processing: /Users/raer/Documents/code/ncapi/stuff/sagemaker-whisper/recorder/pending/chunk_11_08_2026__13_08_55.mp3 
2026-08-11 13:09:13 [INFO] Sending transcription request for: /Users/raer/Documents/code/ncapi/stuff/sagemaker-whisper/recorder/pending/chunk_11_08_2026__13_08_55.mp3 
2026-08-11 13:09:14 [INFO] Transcription successful for: /Users/raer/Documents/code/ncapi/stuff/sagemaker-whisper/recorder/pending/chunk_11_08_2026__13_08_55.mp3 
2026-08-11 13:09:14 [INFO] Transcript saved: processed/transcribed/chunk_11_08_2026__13_08_55.txt 
2026-08-11 13:09:14 [INFO] Audio file moved: processed/audio/chunk_11_08_2026__13_08_55.mp3 
2026-08-11 13:09:14 [INFO] Worker 2 completed: /Users/raer/Documents/code/ncapi/stuff/sagemaker-whisper/recorder/pending/chunk_11_08_2026__13_08_55.mp3 
2026-08-11 13:09:26 [INFO] Status - Queue: 0, Workers: [{"id":1,"processed":0,"failed":0,"currentFile":null},{"id":2,"processed":4,"failed":0,"currentFile":null}] 
2026-08-11 13:09:56 [INFO] Status - Queue: 0, Workers: [{"id":1,"processed":0,"failed":0,"currentFile":null},{"id":2,"processed":4,"failed":0,"currentFile":null}] 
2026-08-11 13:10:14 [INFO] New file detected: /Users/raer/Documents/code/ncapi/stuff/sagemaker-whisper/recorder/pending/chunk_11_08_2026__13_09_55.mp3 
2026-08-11 13:10:14 [INFO] File ready for transcription: /Users/raer/Documents/code/ncapi/stuff/sagemaker-whisper/recorder/pending/chunk_11_08_2026__13_09_55.mp3 
2026-08-11 13:10:14 [INFO] Enqueued: /Users/raer/Documents/code/ncapi/stuff/sagemaker-whisper/recorder/pending/chunk_11_08_2026__13_09_55.mp3 (queue size: 1) 
2026-08-11 13:10:14 [INFO] Worker 2 processing: /Users/raer/Documents/code/ncapi/stuff/sagemaker-whisper/recorder/pending/chunk_11_08_2026__13_09_55.mp3 
2026-08-11 13:10:14 [INFO] Sending transcription request for: /Users/raer/Documents/code/ncapi/stuff/sagemaker-whisper/recorder/pending/chunk_11_08_2026__13_09_55.mp3 
2026-08-11 13:10:17 [INFO] Transcription successful for: /Users/raer/Documents/code/ncapi/stuff/sagemaker-whisper/recorder/pending/chunk_11_08_2026__13_09_55.mp3 
2026-08-11 13:10:17 [INFO] Transcript saved: processed/transcribed/chunk_11_08_2026__13_09_55.txt 
2026-08-11 13:10:17 [INFO] Audio file moved: processed/audio/chunk_11_08_2026__13_09_55.mp3 
2026-08-11 13:10:17 [INFO] Worker 2 completed: /Users/raer/Documents/code/ncapi/stuff/sagemaker-whisper/recorder/pending/chunk_11_08_2026__13_09_55.mp3 
2026-08-11 13:10:26 [INFO] Status - Queue: 0, Workers: [{"id":1,"processed":0,"failed":0,"currentFile":null},{"id":2,"processed":5,"failed":0,"currentFile":null}] 
2026-08-11 13:10:56 [INFO] Status - Queue: 0, Workers: [{"id":1,"processed":0,"failed":0,"currentFile":null},{"id":2,"processed":5,"failed":0,"currentFile":null}] 
2026-08-11 13:11:16 [INFO] New file detected: /Users/raer/Documents/code/ncapi/stuff/sagemaker-whisper/recorder/pending/chunk_11_08_2026__13_10_55.mp3 
2026-08-11 13:11:16 [INFO] File ready for transcription: /Users/raer/Documents/code/ncapi/stuff/sagemaker-whisper/recorder/pending/chunk_11_08_2026__13_10_55.mp3 
2026-08-11 13:11:16 [INFO] Enqueued: /Users/raer/Documents/code/ncapi/stuff/sagemaker-whisper/recorder/pending/chunk_11_08_2026__13_10_55.mp3 (queue size: 1) 
2026-08-11 13:11:16 [INFO] Worker 2 processing: /Users/raer/Documents/code/ncapi/stuff/sagemaker-whisper/recorder/pending/chunk_11_08_2026__13_10_55.mp3 
2026-08-11 13:11:16 [INFO] Sending transcription request for: /Users/raer/Documents/code/ncapi/stuff/sagemaker-whisper/recorder/pending/chunk_11_08_2026__13_10_55.mp3 
2026-08-11 13:11:17 [INFO] Transcription successful for: /Users/raer/Documents/code/ncapi/stuff/sagemaker-whisper/recorder/pending/chunk_11_08_2026__13_10_55.mp3 
2026-08-11 13:11:17 [INFO] Transcript saved: processed/transcribed/chunk_11_08_2026__13_10_55.txt 
2026-08-11 13:11:17 [INFO] Audio file moved: processed/audio/chunk_11_08_2026__13_10_55.mp3 
2026-08-11 13:11:17 [INFO] Worker 2 completed: /Users/raer/Documents/code/ncapi/stuff/sagemaker-whisper/recorder/pending/chunk_11_08_2026__13_10_55.mp3 
2026-08-11 13:11:26 [INFO] Status - Queue: 0, Workers: [{"id":1,"processed":0,"failed":0,"currentFile":null},{"id":2,"processed":6,"failed":0,"currentFile":null}] 
2026-08-11 13:11:56 [INFO] Status - Queue: 0, Workers: [{"id":1,"processed":0,"failed":0,"currentFile":null},{"id":2,"processed":6,"failed":0,"currentFile":null}] 
2026-08-11 13:12:14 [INFO] New file detected: /Users/raer/Documents/code/ncapi/stuff/sagemaker-whisper/recorder/pending/chunk_11_08_2026__13_11_55.mp3 
2026-08-11 13:12:14 [INFO] File ready for transcription: /Users/raer/Documents/code/ncapi/stuff/sagemaker-whisper/recorder/pending/chunk_11_08_2026__13_11_55.mp3 
2026-08-11 13:12:14 [INFO] Enqueued: /Users/raer/Documents/code/ncapi/stuff/sagemaker-whisper/recorder/pending/chunk_11_08_2026__13_11_55.mp3 (queue size: 1) 
2026-08-11 13:12:14 [INFO] Worker 2 processing: /Users/raer/Documents/code/ncapi/stuff/sagemaker-whisper/recorder/pending/chunk_11_08_2026__13_11_55.mp3 
2026-08-11 13:12:14 [INFO] Sending transcription request for: /Users/raer/Documents/code/ncapi/stuff/sagemaker-whisper/recorder/pending/chunk_11_08_2026__13_11_55.mp3 
2026-08-11 13:12:15 [INFO] Transcription successful for: /Users/raer/Documents/code/ncapi/stuff/sagemaker-whisper/recorder/pending/chunk_11_08_2026__13_11_55.mp3 
2026-08-11 13:12:15 [INFO] Transcript saved: processed/transcribed/chunk_11_08_2026__13_11_55.txt 
2026-08-11 13:12:15 [INFO] Audio file moved: processed/audio/chunk_11_08_2026__13_11_55.mp3 
2026-08-11 13:12:15 [INFO] Worker 2 completed: /Users/raer/Documents/code/ncapi/stuff/sagemaker-whisper/recorder/pending/chunk_11_08_2026__13_11_55.mp3 
2026-08-11 13:12:26 [INFO] Status - Queue: 0, Workers: [{"id":1,"processed":0,"failed":0,"currentFile":null},{"id":2,"processed":7,"failed":0,"currentFile":null}] 
2026-08-11 13:12:56 [INFO] Status - Queue: 0, Workers: [{"id":1,"processed":0,"failed":0,"currentFile":null},{"id":2,"processed":7,"failed":0,"currentFile":null}] 
2026-08-11 13:13:15 [INFO] New file detected: /Users/raer/Documents/code/ncapi/stuff/sagemaker-whisper/recorder/pending/chunk_11_08_2026__13_12_55.mp3 
2026-08-11 13:13:15 [INFO] File ready for transcription: /Users/raer/Documents/code/ncapi/stuff/sagemaker-whisper/recorder/pending/chunk_11_08_2026__13_12_55.mp3 
2026-08-11 13:13:15 [INFO] Enqueued: /Users/raer/Documents/code/ncapi/stuff/sagemaker-whisper/recorder/pending/chunk_11_08_2026__13_12_55.mp3 (queue size: 1) 
2026-08-11 13:13:15 [INFO] Worker 2 processing: /Users/raer/Documents/code/ncapi/stuff/sagemaker-whisper/recorder/pending/chunk_11_08_2026__13_12_55.mp3 
2026-08-11 13:13:15 [INFO] Sending transcription request for: /Users/raer/Documents/code/ncapi/stuff/sagemaker-whisper/recorder/pending/chunk_11_08_2026__13_12_55.mp3 
2026-08-11 13:13:16 [INFO] Transcription successful for: /Users/raer/Documents/code/ncapi/stuff/sagemaker-whisper/recorder/pending/chunk_11_08_2026__13_12_55.mp3 
2026-08-11 13:13:16 [INFO] Transcript saved: processed/transcribed/chunk_11_08_2026__13_12_55.txt 
2026-08-11 13:13:16 [INFO] Audio file moved: processed/audio/chunk_11_08_2026__13_12_55.mp3 
2026-08-11 13:13:16 [INFO] Worker 2 completed: /Users/raer/Documents/code/ncapi/stuff/sagemaker-whisper/recorder/pending/chunk_11_08_2026__13_12_55.mp3 
2026-08-11 13:13:26 [INFO] Status - Queue: 0, Workers: [{"id":1,"processed":0,"failed":0,"currentFile":null},{"id":2,"processed":8,"failed":0,"currentFile":null}] 
2026-08-11 13:13:56 [INFO] Status - Queue: 0, Workers: [{"id":1,"processed":0,"failed":0,"currentFile":null},{"id":2,"processed":8,"failed":0,"currentFile":null}] 
2026-08-11 13:14:14 [INFO] New file detected: /Users/raer/Documents/code/ncapi/stuff/sagemaker-whisper/recorder/pending/chunk_11_08_2026__13_13_55.mp3 
2026-08-11 13:14:14 [INFO] File ready for transcription: /Users/raer/Documents/code/ncapi/stuff/sagemaker-whisper/recorder/pending/chunk_11_08_2026__13_13_55.mp3 
2026-08-11 13:14:14 [INFO] Enqueued: /Users/raer/Documents/code/ncapi/stuff/sagemaker-whisper/recorder/pending/chunk_11_08_2026__13_13_55.mp3 (queue size: 1) 
2026-08-11 13:14:14 [INFO] Worker 2 processing: /Users/raer/Documents/code/ncapi/stuff/sagemaker-whisper/recorder/pending/chunk_11_08_2026__13_13_55.mp3 
2026-08-11 13:14:14 [INFO] Sending transcription request for: /Users/raer/Documents/code/ncapi/stuff/sagemaker-whisper/recorder/pending/chunk_11_08_2026__13_13_55.mp3 
2026-08-11 13:14:15 [INFO] Transcription successful for: /Users/raer/Documents/code/ncapi/stuff/sagemaker-whisper/recorder/pending/chunk_11_08_2026__13_13_55.mp3 
2026-08-11 13:14:15 [INFO] Transcript saved: processed/transcribed/chunk_11_08_2026__13_13_55.txt 
2026-08-11 13:14:15 [INFO] Audio file moved: processed/audio/chunk_11_08_2026__13_13_55.mp3 
2026-08-11 13:14:15 [INFO] Worker 2 completed: /Users/raer/Documents/code/ncapi/stuff/sagemaker-whisper/recorder/pending/chunk_11_08_2026__13_13_55.mp3 
2026-08-11 13:14:26 [INFO] Status - Queue: 0, Workers: [{"id":1,"processed":0,"failed":0,"currentFile":null},{"id":2,"processed":9,"failed":0,"currentFile":null}] 
2026-08-11 13:14:56 [INFO] Status - Queue: 0, Workers: [{"id":1,"processed":0,"failed":0,"currentFile":null},{"id":2,"processed":9,"failed":0,"currentFile":null}] 
2026-08-11 13:15:18 [INFO] New file detected: /Users/raer/Documents/code/ncapi/stuff/sagemaker-whisper/recorder/pending/chunk_11_08_2026__13_14_54.mp3 
2026-08-11 13:15:18 [INFO] File ready for transcription: /Users/raer/Documents/code/ncapi/stuff/sagemaker-whisper/recorder/pending/chunk_11_08_2026__13_14_54.mp3 
2026-08-11 13:15:18 [INFO] Enqueued: /Users/raer/Documents/code/ncapi/stuff/sagemaker-whisper/recorder/pending/chunk_11_08_2026__13_14_54.mp3 (queue size: 1) 
2026-08-11 13:15:18 [INFO] Worker 2 processing: /Users/raer/Documents/code/ncapi/stuff/sagemaker-whisper/recorder/pending/chunk_11_08_2026__13_14_54.mp3 
2026-08-11 13:15:18 [INFO] Sending transcription request for: /Users/raer/Documents/code/ncapi/stuff/sagemaker-whisper/recorder/pending/chunk_11_08_2026__13_14_54.mp3 
2026-08-11 13:15:19 [INFO] Transcription successful for: /Users/raer/Documents/code/ncapi/stuff/sagemaker-whisper/recorder/pending/chunk_11_08_2026__13_14_54.mp3 
2026-08-11 13:15:19 [INFO] Transcript saved: processed/transcribed/chunk_11_08_2026__13_14_54.txt 
2026-08-11 13:15:19 [INFO] Audio file moved: processed/audio/chunk_11_08_2026__13_14_54.mp3 
2026-08-11 13:15:19 [INFO] Worker 2 completed: /Users/raer/Documents/code/ncapi/stuff/sagemaker-whisper/recorder/pending/chunk_11_08_2026__13_14_54.mp3 
2026-08-11 13:15:26 [INFO] Status - Queue: 0, Workers: [{"id":1,"processed":0,"failed":0,"currentFile":null},{"id":2,"processed":10,"failed":0,"currentFile":null}] 
2026-08-11 13:15:56 [INFO] Status - Queue: 0, Workers: [{"id":1,"processed":0,"failed":0,"currentFile":null},{"id":2,"processed":10,"failed":0,"currentFile":null}] 
2026-08-11 13:16:13 [INFO] New file detected: /Users/raer/Documents/code/ncapi/stuff/sagemaker-whisper/recorder/pending/chunk_11_08_2026__13_15_54.mp3 
2026-08-11 13:16:13 [INFO] File ready for transcription: /Users/raer/Documents/code/ncapi/stuff/sagemaker-whisper/recorder/pending/chunk_11_08_2026__13_15_54.mp3 
2026-08-11 13:16:13 [INFO] Enqueued: /Users/raer/Documents/code/ncapi/stuff/sagemaker-whisper/recorder/pending/chunk_11_08_2026__13_15_54.mp3 (queue size: 1) 
2026-08-11 13:16:13 [INFO] Worker 2 processing: /Users/raer/Documents/code/ncapi/stuff/sagemaker-whisper/recorder/pending/chunk_11_08_2026__13_15_54.mp3 
2026-08-11 13:16:13 [INFO] Sending transcription request for: /Users/raer/Documents/code/ncapi/stuff/sagemaker-whisper/recorder/pending/chunk_11_08_2026__13_15_54.mp3 
2026-08-11 13:16:14 [INFO] Transcription successful for: /Users/raer/Documents/code/ncapi/stuff/sagemaker-whisper/recorder/pending/chunk_11_08_2026__13_15_54.mp3 
2026-08-11 13:16:14 [INFO] Transcript saved: processed/transcribed/chunk_11_08_2026__13_15_54.txt 
2026-08-11 13:16:14 [INFO] Audio file moved: processed/audio/chunk_11_08_2026__13_15_54.mp3 
2026-08-11 13:16:14 [INFO] Worker 2 completed: /Users/raer/Documents/code/ncapi/stuff/sagemaker-whisper/recorder/pending/chunk_11_08_2026__13_15_54.mp3 
2026-08-11 13:16:26 [INFO] Status - Queue: 0, Workers: [{"id":1,"processed":0,"failed":0,"currentFile":null},{"id":2,"processed":11,"failed":0,"currentFile":null}] 
2026-08-11 13:16:56 [INFO] Status - Queue: 0, Workers: [{"id":1,"processed":0,"failed":0,"currentFile":null},{"id":2,"processed":11,"failed":0,"currentFile":null}] 
2026-08-11 13:17:15 [INFO] New file detected: /Users/raer/Documents/code/ncapi/stuff/sagemaker-whisper/recorder/pending/chunk_11_08_2026__13_16_55.mp3 
2026-08-11 13:17:15 [INFO] File ready for transcription: /Users/raer/Documents/code/ncapi/stuff/sagemaker-whisper/recorder/pending/chunk_11_08_2026__13_16_55.mp3 
2026-08-11 13:17:15 [INFO] Enqueued: /Users/raer/Documents/code/ncapi/stuff/sagemaker-whisper/recorder/pending/chunk_11_08_2026__13_16_55.mp3 (queue size: 1) 
2026-08-11 13:17:15 [INFO] Worker 2 processing: /Users/raer/Documents/code/ncapi/stuff/sagemaker-whisper/recorder/pending/chunk_11_08_2026__13_16_55.mp3 
2026-08-11 13:17:15 [INFO] Sending transcription request for: /Users/raer/Documents/code/ncapi/stuff/sagemaker-whisper/recorder/pending/chunk_11_08_2026__13_16_55.mp3 
2026-08-11 13:17:16 [INFO] Transcription successful for: /Users/raer/Documents/code/ncapi/stuff/sagemaker-whisper/recorder/pending/chunk_11_08_2026__13_16_55.mp3 
2026-08-11 13:17:16 [INFO] Transcript saved: processed/transcribed/chunk_11_08_2026__13_16_55.txt 
2026-08-11 13:17:16 [INFO] Audio file moved: processed/audio/chunk_11_08_2026__13_16_55.mp3 
2026-08-11 13:17:16 [INFO] Worker 2 completed: /Users/raer/Documents/code/ncapi/stuff/sagemaker-whisper/recorder/pending/chunk_11_08_2026__13_16_55.mp3 
2026-08-11 13:17:26 [INFO] Status - Queue: 0, Workers: [{"id":1,"processed":0,"failed":0,"currentFile":null},{"id":2,"processed":12,"failed":0,"currentFile":null}] 
2026-08-11 13:17:56 [INFO] Status - Queue: 0, Workers: [{"id":1,"processed":0,"failed":0,"currentFile":null},{"id":2,"processed":12,"failed":0,"currentFile":null}] 
2026-08-11 13:18:18 [INFO] New file detected: /Users/raer/Documents/code/ncapi/stuff/sagemaker-whisper/recorder/pending/chunk_11_08_2026__13_17_55.mp3 
2026-08-11 13:18:18 [INFO] File ready for transcription: /Users/raer/Documents/code/ncapi/stuff/sagemaker-whisper/recorder/pending/chunk_11_08_2026__13_17_55.mp3 
2026-08-11 13:18:18 [INFO] Enqueued: /Users/raer/Documents/code/ncapi/stuff/sagemaker-whisper/recorder/pending/chunk_11_08_2026__13_17_55.mp3 (queue size: 1) 
2026-08-11 13:18:18 [INFO] Worker 2 processing: /Users/raer/Documents/code/ncapi/stuff/sagemaker-whisper/recorder/pending/chunk_11_08_2026__13_17_55.mp3 
2026-08-11 13:18:18 [INFO] Sending transcription request for: /Users/raer/Documents/code/ncapi/stuff/sagemaker-whisper/recorder/pending/chunk_11_08_2026__13_17_55.mp3 
2026-08-11 13:18:19 [INFO] Transcription successful for: /Users/raer/Documents/code/ncapi/stuff/sagemaker-whisper/recorder/pending/chunk_11_08_2026__13_17_55.mp3 
2026-08-11 13:18:19 [INFO] Transcript saved: processed/transcribed/chunk_11_08_2026__13_17_55.txt 
2026-08-11 13:18:19 [INFO] Audio file moved: processed/audio/chunk_11_08_2026__13_17_55.mp3 
2026-08-11 13:18:19 [INFO] Worker 2 completed: /Users/raer/Documents/code/ncapi/stuff/sagemaker-whisper/recorder/pending/chunk_11_08_2026__13_17_55.mp3 
2026-08-11 13:18:26 [INFO] Status - Queue: 0, Workers: [{"id":1,"processed":0,"failed":0,"currentFile":null},{"id":2,"processed":13,"failed":0,"currentFile":null}] 
2026-08-11 13:18:56 [INFO] Status - Queue: 0, Workers: [{"id":1,"processed":0,"failed":0,"currentFile":null},{"id":2,"processed":13,"failed":0,"currentFile":null}] 
2026-08-11 13:19:12 [INFO] New file detected: /Users/raer/Documents/code/ncapi/stuff/sagemaker-whisper/recorder/pending/chunk_11_08_2026__13_18_55.mp3 
2026-08-11 13:19:12 [INFO] File ready for transcription: /Users/raer/Documents/code/ncapi/stuff/sagemaker-whisper/recorder/pending/chunk_11_08_2026__13_18_55.mp3 
2026-08-11 13:19:12 [INFO] Enqueued: /Users/raer/Documents/code/ncapi/stuff/sagemaker-whisper/recorder/pending/chunk_11_08_2026__13_18_55.mp3 (queue size: 1) 
2026-08-11 13:19:12 [INFO] Worker 2 processing: /Users/raer/Documents/code/ncapi/stuff/sagemaker-whisper/recorder/pending/chunk_11_08_2026__13_18_55.mp3 
2026-08-11 13:19:12 [INFO] Sending transcription request for: /Users/raer/Documents/code/ncapi/stuff/sagemaker-whisper/recorder/pending/chunk_11_08_2026__13_18_55.mp3 
2026-08-11 13:19:13 [INFO] Transcription successful for: /Users/raer/Documents/code/ncapi/stuff/sagemaker-whisper/recorder/pending/chunk_11_08_2026__13_18_55.mp3 
2026-08-11 13:19:13 [INFO] Transcript saved: processed/transcribed/chunk_11_08_2026__13_18_55.txt 
2026-08-11 13:19:13 [INFO] Audio file moved: processed/audio/chunk_11_08_2026__13_18_55.mp3 
2026-08-11 13:19:13 [INFO] Worker 2 completed: /Users/raer/Documents/code/ncapi/stuff/sagemaker-whisper/recorder/pending/chunk_11_08_2026__13_18_55.mp3 
2026-08-11 13:19:26 [INFO] Status - Queue: 0, Workers: [{"id":1,"processed":0,"failed":0,"currentFile":null},{"id":2,"processed":14,"failed":0,"currentFile":null}] 
2026-08-11 13:19:56 [INFO] Status - Queue: 0, Workers: [{"id":1,"processed":0,"failed":0,"currentFile":null},{"id":2,"processed":14,"failed":0,"currentFile":null}] 
2026-08-11 13:20:11 [INFO] New file detected: /Users/raer/Documents/code/ncapi/stuff/sagemaker-whisper/recorder/pending/chunk_11_08_2026__13_19_55.mp3 
2026-08-11 13:20:11 [INFO] File ready for transcription: /Users/raer/Documents/code/ncapi/stuff/sagemaker-whisper/recorder/pending/chunk_11_08_2026__13_19_55.mp3 
2026-08-11 13:20:11 [INFO] Enqueued: /Users/raer/Documents/code/ncapi/stuff/sagemaker-whisper/recorder/pending/chunk_11_08_2026__13_19_55.mp3 (queue size: 1) 
2026-08-11 13:20:11 [INFO] Worker 2 processing: /Users/raer/Documents/code/ncapi/stuff/sagemaker-whisper/recorder/pending/chunk_11_08_2026__13_19_55.mp3 
2026-08-11 13:20:11 [INFO] Sending transcription request for: /Users/raer/Documents/code/ncapi/stuff/sagemaker-whisper/recorder/pending/chunk_11_08_2026__13_19_55.mp3 
2026-08-11 13:20:12 [INFO] Transcription successful for: /Users/raer/Documents/code/ncapi/stuff/sagemaker-whisper/recorder/pending/chunk_11_08_2026__13_19_55.mp3 
2026-08-11 13:20:12 [INFO] Transcript saved: processed/transcribed/chunk_11_08_2026__13_19_55.txt 
2026-08-11 13:20:12 [INFO] Audio file moved: processed/audio/chunk_11_08_2026__13_19_55.mp3 
2026-08-11 13:20:12 [INFO] Worker 2 completed: /Users/raer/Documents/code/ncapi/stuff/sagemaker-whisper/recorder/pending/chunk_11_08_2026__13_19_55.mp3 
2026-08-11 13:20:26 [INFO] Status - Queue: 0, Workers: [{"id":1,"processed":0,"failed":0,"currentFile":null},{"id":2,"processed":15,"failed":0,"currentFile":null}] 
2026-08-11 13:20:56 [INFO] Status - Queue: 0, Workers: [{"id":1,"processed":0,"failed":0,"currentFile":null},{"id":2,"processed":15,"failed":0,"currentFile":null}] 
2026-08-11 13:21:12 [INFO] New file detected: /Users/raer/Documents/code/ncapi/stuff/sagemaker-whisper/recorder/pending/chunk_11_08_2026__13_20_54.mp3 
2026-08-11 13:21:12 [INFO] File ready for transcription: /Users/raer/Documents/code/ncapi/stuff/sagemaker-whisper/recorder/pending/chunk_11_08_2026__13_20_54.mp3 
2026-08-11 13:21:12 [INFO] Enqueued: /Users/raer/Documents/code/ncapi/stuff/sagemaker-whisper/recorder/pending/chunk_11_08_2026__13_20_54.mp3 (queue size: 1) 
2026-08-11 13:21:12 [INFO] Worker 2 processing: /Users/raer/Documents/code/ncapi/stuff/sagemaker-whisper/recorder/pending/chunk_11_08_2026__13_20_54.mp3 
2026-08-11 13:21:12 [INFO] Sending transcription request for: /Users/raer/Documents/code/ncapi/stuff/sagemaker-whisper/recorder/pending/chunk_11_08_2026__13_20_54.mp3 
2026-08-11 13:21:13 [INFO] Transcription successful for: /Users/raer/Documents/code/ncapi/stuff/sagemaker-whisper/recorder/pending/chunk_11_08_2026__13_20_54.mp3 
2026-08-11 13:21:13 [INFO] Transcript saved: processed/transcribed/chunk_11_08_2026__13_20_54.txt 
2026-08-11 13:21:13 [INFO] Audio file moved: processed/audio/chunk_11_08_2026__13_20_54.mp3 
2026-08-11 13:21:13 [INFO] Worker 2 completed: /Users/raer/Documents/code/ncapi/stuff/sagemaker-whisper/recorder/pending/chunk_11_08_2026__13_20_54.mp3 
2026-08-11 13:21:26 [INFO] Status - Queue: 0, Workers: [{"id":1,"processed":0,"failed":0,"currentFile":null},{"id":2,"processed":16,"failed":0,"currentFile":null}] 
2026-08-11 13:21:56 [INFO] Status - Queue: 0, Workers: [{"id":1,"processed":0,"failed":0,"currentFile":null},{"id":2,"processed":16,"failed":0,"currentFile":null}] 
2026-08-11 13:22:13 [INFO] New file detected: /Users/raer/Documents/code/ncapi/stuff/sagemaker-whisper/recorder/pending/chunk_11_08_2026__13_21_55.mp3 
2026-08-11 13:22:13 [INFO] File ready for transcription: /Users/raer/Documents/code/ncapi/stuff/sagemaker-whisper/recorder/pending/chunk_11_08_2026__13_21_55.mp3 
2026-08-11 13:22:13 [INFO] Enqueued: /Users/raer/Documents/code/ncapi/stuff/sagemaker-whisper/recorder/pending/chunk_11_08_2026__13_21_55.mp3 (queue size: 1) 
2026-08-11 13:22:13 [INFO] Worker 2 processing: /Users/raer/Documents/code/ncapi/stuff/sagemaker-whisper/recorder/pending/chunk_11_08_2026__13_21_55.mp3 
2026-08-11 13:22:13 [INFO] Sending transcription request for: /Users/raer/Documents/code/ncapi/stuff/sagemaker-whisper/recorder/pending/chunk_11_08_2026__13_21_55.mp3 
2026-08-11 13:22:15 [INFO] Transcription successful for: /Users/raer/Documents/code/ncapi/stuff/sagemaker-whisper/recorder/pending/chunk_11_08_2026__13_21_55.mp3 
2026-08-11 13:22:15 [INFO] Transcript saved: processed/transcribed/chunk_11_08_2026__13_21_55.txt 
2026-08-11 13:22:15 [INFO] Audio file moved: processed/audio/chunk_11_08_2026__13_21_55.mp3 
2026-08-11 13:22:15 [INFO] Worker 2 completed: /Users/raer/Documents/code/ncapi/stuff/sagemaker-whisper/recorder/pending/chunk_11_08_2026__13_21_55.mp3 
2026-08-11 13:22:26 [INFO] Status - Queue: 0, Workers: [{"id":1,"processed":0,"failed":0,"currentFile":null},{"id":2,"processed":17,"failed":0,"currentFile":null}] 
2026-08-11 13:22:56 [INFO] Status - Queue: 0, Workers: [{"id":1,"processed":0,"failed":0,"currentFile":null},{"id":2,"processed":17,"failed":0,"currentFile":null}] 
2026-08-11 13:23:14 [INFO] New file detected: /Users/raer/Documents/code/ncapi/stuff/sagemaker-whisper/recorder/pending/chunk_11_08_2026__13_22_55.mp3 
2026-08-11 13:23:14 [INFO] File ready for transcription: /Users/raer/Documents/code/ncapi/stuff/sagemaker-whisper/recorder/pending/chunk_11_08_2026__13_22_55.mp3 
2026-08-11 13:23:14 [INFO] Enqueued: /Users/raer/Documents/code/ncapi/stuff/sagemaker-whisper/recorder/pending/chunk_11_08_2026__13_22_55.mp3 (queue size: 1) 
2026-08-11 13:23:14 [INFO] Worker 2 processing: /Users/raer/Documents/code/ncapi/stuff/sagemaker-whisper/recorder/pending/chunk_11_08_2026__13_22_55.mp3 
2026-08-11 13:23:14 [INFO] Sending transcription request for: /Users/raer/Documents/code/ncapi/stuff/sagemaker-whisper/recorder/pending/chunk_11_08_2026__13_22_55.mp3 
2026-08-11 13:23:15 [INFO] Transcription successful for: /Users/raer/Documents/code/ncapi/stuff/sagemaker-whisper/recorder/pending/chunk_11_08_2026__13_22_55.mp3 
2026-08-11 13:23:15 [INFO] Transcript saved: processed/transcribed/chunk_11_08_2026__13_22_55.txt 
2026-08-11 13:23:15 [INFO] Audio file moved: processed/audio/chunk_11_08_2026__13_22_55.mp3 
2026-08-11 13:23:15 [INFO] Worker 2 completed: /Users/raer/Documents/code/ncapi/stuff/sagemaker-whisper/recorder/pending/chunk_11_08_2026__13_22_55.mp3 
2026-08-11 13:23:26 [INFO] Status - Queue: 0, Workers: [{"id":1,"processed":0,"failed":0,"currentFile":null},{"id":2,"processed":18,"failed":0,"currentFile":null}] 
2026-08-11 13:23:56 [INFO] Status - Queue: 0, Workers: [{"id":1,"processed":0,"failed":0,"currentFile":null},{"id":2,"processed":18,"failed":0,"currentFile":null}] 
2026-08-11 13:24:16 [INFO] New file detected: /Users/raer/Documents/code/ncapi/stuff/sagemaker-whisper/recorder/pending/chunk_11_08_2026__13_23_55.mp3 
2026-08-11 13:24:16 [INFO] File ready for transcription: /Users/raer/Documents/code/ncapi/stuff/sagemaker-whisper/recorder/pending/chunk_11_08_2026__13_23_55.mp3 
2026-08-11 13:24:16 [INFO] Enqueued: /Users/raer/Documents/code/ncapi/stuff/sagemaker-whisper/recorder/pending/chunk_11_08_2026__13_23_55.mp3 (queue size: 1) 
2026-08-11 13:24:16 [INFO] Worker 2 processing: /Users/raer/Documents/code/ncapi/stuff/sagemaker-whisper/recorder/pending/chunk_11_08_2026__13_23_55.mp3 
2026-08-11 13:24:16 [INFO] Sending transcription request for: /Users/raer/Documents/code/ncapi/stuff/sagemaker-whisper/recorder/pending/chunk_11_08_2026__13_23_55.mp3 
2026-08-11 13:24:17 [INFO] Transcription successful for: /Users/raer/Documents/code/ncapi/stuff/sagemaker-whisper/recorder/pending/chunk_11_08_2026__13_23_55.mp3 
2026-08-11 13:24:17 [INFO] Transcript saved: processed/transcribed/chunk_11_08_2026__13_23_55.txt 
2026-08-11 13:24:17 [INFO] Audio file moved: processed/audio/chunk_11_08_2026__13_23_55.mp3 
2026-08-11 13:24:17 [INFO] Worker 2 completed: /Users/raer/Documents/code/ncapi/stuff/sagemaker-whisper/recorder/pending/chunk_11_08_2026__13_23_55.mp3 
2026-08-11 13:24:26 [INFO] Status - Queue: 0, Workers: [{"id":1,"processed":0,"failed":0,"currentFile":null},{"id":2,"processed":19,"failed":0,"currentFile":null}] 
2026-08-11 13:24:56 [INFO] Status - Queue: 0, Workers: [{"id":1,"processed":0,"failed":0,"currentFile":null},{"id":2,"processed":19,"failed":0,"currentFile":null}] 
2026-08-11 13:25:20 [INFO] New file detected: /Users/raer/Documents/code/ncapi/stuff/sagemaker-whisper/recorder/pending/chunk_11_08_2026__13_24_55.mp3 
2026-08-11 13:25:20 [INFO] File ready for transcription: /Users/raer/Documents/code/ncapi/stuff/sagemaker-whisper/recorder/pending/chunk_11_08_2026__13_24_55.mp3 
2026-08-11 13:25:20 [INFO] Enqueued: /Users/raer/Documents/code/ncapi/stuff/sagemaker-whisper/recorder/pending/chunk_11_08_2026__13_24_55.mp3 (queue size: 1) 
2026-08-11 13:25:20 [INFO] Worker 2 processing: /Users/raer/Documents/code/ncapi/stuff/sagemaker-whisper/recorder/pending/chunk_11_08_2026__13_24_55.mp3 
2026-08-11 13:25:20 [INFO] Sending transcription request for: /Users/raer/Documents/code/ncapi/stuff/sagemaker-whisper/recorder/pending/chunk_11_08_2026__13_24_55.mp3 
2026-08-11 13:25:20 [INFO] Transcription successful for: /Users/raer/Documents/code/ncapi/stuff/sagemaker-whisper/recorder/pending/chunk_11_08_2026__13_24_55.mp3 
2026-08-11 13:25:20 [INFO] Transcript saved: processed/transcribed/chunk_11_08_2026__13_24_55.txt 
2026-08-11 13:25:20 [INFO] Audio file moved: processed/audio/chunk_11_08_2026__13_24_55.mp3 
2026-08-11 13:25:20 [INFO] Worker 2 completed: /Users/raer/Documents/code/ncapi/stuff/sagemaker-whisper/recorder/pending/chunk_11_08_2026__13_24_55.mp3 
2026-08-11 13:25:26 [INFO] Status - Queue: 0, Workers: [{"id":1,"processed":0,"failed":0,"currentFile":null},{"id":2,"processed":20,"failed":0,"currentFile":null}] 
2026-08-11 13:25:56 [INFO] Status - Queue: 0, Workers: [{"id":1,"processed":0,"failed":0,"currentFile":null},{"id":2,"processed":20,"failed":0,"currentFile":null}] 
2026-08-11 13:26:18 [INFO] New file detected: /Users/raer/Documents/code/ncapi/stuff/sagemaker-whisper/recorder/pending/chunk_11_08_2026__13_25_55.mp3 
2026-08-11 13:26:18 [INFO] File ready for transcription: /Users/raer/Documents/code/ncapi/stuff/sagemaker-whisper/recorder/pending/chunk_11_08_2026__13_25_55.mp3 
2026-08-11 13:26:18 [INFO] Enqueued: /Users/raer/Documents/code/ncapi/stuff/sagemaker-whisper/recorder/pending/chunk_11_08_2026__13_25_55.mp3 (queue size: 1) 
2026-08-11 13:26:18 [INFO] Worker 2 processing: /Users/raer/Documents/code/ncapi/stuff/sagemaker-whisper/recorder/pending/chunk_11_08_2026__13_25_55.mp3 
2026-08-11 13:26:18 [INFO] Sending transcription request for: /Users/raer/Documents/code/ncapi/stuff/sagemaker-whisper/recorder/pending/chunk_11_08_2026__13_25_55.mp3 
2026-08-11 13:26:19 [INFO] Transcription successful for: /Users/raer/Documents/code/ncapi/stuff/sagemaker-whisper/recorder/pending/chunk_11_08_2026__13_25_55.mp3 
2026-08-11 13:26:19 [INFO] Transcript saved: processed/transcribed/chunk_11_08_2026__13_25_55.txt 
2026-08-11 13:26:19 [INFO] Audio file moved: processed/audio/chunk_11_08_2026__13_25_55.mp3 
2026-08-11 13:26:19 [INFO] Worker 2 completed: /Users/raer/Documents/code/ncapi/stuff/sagemaker-whisper/recorder/pending/chunk_11_08_2026__13_25_55.mp3 
2026-08-11 13:26:26 [INFO] Status - Queue: 0, Workers: [{"id":1,"processed":0,"failed":0,"currentFile":null},{"id":2,"processed":21,"failed":0,"currentFile":null}] 
2026-08-11 13:26:56 [INFO] Status - Queue: 0, Workers: [{"id":1,"processed":0,"failed":0,"currentFile":null},{"id":2,"processed":21,"failed":0,"currentFile":null}] 
2026-08-11 13:27:19 [INFO] New file detected: /Users/raer/Documents/code/ncapi/stuff/sagemaker-whisper/recorder/pending/chunk_11_08_2026__13_26_55.mp3 
2026-08-11 13:27:19 [INFO] File ready for transcription: /Users/raer/Documents/code/ncapi/stuff/sagemaker-whisper/recorder/pending/chunk_11_08_2026__13_26_55.mp3 
2026-08-11 13:27:19 [INFO] Enqueued: /Users/raer/Documents/code/ncapi/stuff/sagemaker-whisper/recorder/pending/chunk_11_08_2026__13_26_55.mp3 (queue size: 1) 
2026-08-11 13:27:19 [INFO] Worker 2 processing: /Users/raer/Documents/code/ncapi/stuff/sagemaker-whisper/recorder/pending/chunk_11_08_2026__13_26_55.mp3 
2026-08-11 13:27:19 [INFO] Sending transcription request for: /Users/raer/Documents/code/ncapi/stuff/sagemaker-whisper/recorder/pending/chunk_11_08_2026__13_26_55.mp3 
2026-08-11 13:27:20 [INFO] Transcription successful for: /Users/raer/Documents/code/ncapi/stuff/sagemaker-whisper/recorder/pending/chunk_11_08_2026__13_26_55.mp3 
2026-08-11 13:27:20 [INFO] Transcript saved: processed/transcribed/chunk_11_08_2026__13_26_55.txt 
2026-08-11 13:27:20 [INFO] Audio file moved: processed/audio/chunk_11_08_2026__13_26_55.mp3 
2026-08-11 13:27:20 [INFO] Worker 2 completed: /Users/raer/Documents/code/ncapi/stuff/sagemaker-whisper/recorder/pending/chunk_11_08_2026__13_26_55.mp3 
2026-08-11 13:27:26 [INFO] Status - Queue: 0, Workers: [{"id":1,"processed":0,"failed":0,"currentFile":null},{"id":2,"processed":22,"failed":0,"currentFile":null}] 
2026-08-11 13:27:56 [INFO] Status - Queue: 0, Workers: [{"id":1,"processed":0,"failed":0,"currentFile":null},{"id":2,"processed":22,"failed":0,"currentFile":null}] 
2026-08-11 13:28:16 [INFO] New file detected: /Users/raer/Documents/code/ncapi/stuff/sagemaker-whisper/recorder/pending/chunk_11_08_2026__13_27_55.mp3 
2026-08-11 13:28:16 [INFO] File ready for transcription: /Users/raer/Documents/code/ncapi/stuff/sagemaker-whisper/recorder/pending/chunk_11_08_2026__13_27_55.mp3 
2026-08-11 13:28:16 [INFO] Enqueued: /Users/raer/Documents/code/ncapi/stuff/sagemaker-whisper/recorder/pending/chunk_11_08_2026__13_27_55.mp3 (queue size: 1) 
2026-08-11 13:28:16 [INFO] Worker 2 processing: /Users/raer/Documents/code/ncapi/stuff/sagemaker-whisper/recorder/pending/chunk_11_08_2026__13_27_55.mp3 
2026-08-11 13:28:16 [INFO] Sending transcription request for: /Users/raer/Documents/code/ncapi/stuff/sagemaker-whisper/recorder/pending/chunk_11_08_2026__13_27_55.mp3 
2026-08-11 13:28:17 [INFO] Transcription successful for: /Users/raer/Documents/code/ncapi/stuff/sagemaker-whisper/recorder/pending/chunk_11_08_2026__13_27_55.mp3 
2026-08-11 13:28:17 [INFO] Transcript saved: processed/transcribed/chunk_11_08_2026__13_27_55.txt 
2026-08-11 13:28:17 [INFO] Audio file moved: processed/audio/chunk_11_08_2026__13_27_55.mp3 
2026-08-11 13:28:17 [INFO] Worker 2 completed: /Users/raer/Documents/code/ncapi/stuff/sagemaker-whisper/recorder/pending/chunk_11_08_2026__13_27_55.mp3 
2026-08-11 13:28:26 [INFO] Status - Queue: 0, Workers: [{"id":1,"processed":0,"failed":0,"currentFile":null},{"id":2,"processed":23,"failed":0,"currentFile":null}] 
2026-08-11 13:28:56 [INFO] Status - Queue: 0, Workers: [{"id":1,"processed":0,"failed":0,"currentFile":null},{"id":2,"processed":23,"failed":0,"currentFile":null}] 
2026-08-11 13:29:17 [INFO] New file detected: /Users/raer/Documents/code/ncapi/stuff/sagemaker-whisper/recorder/pending/chunk_11_08_2026__13_28_55.mp3 
2026-08-11 13:29:17 [INFO] File ready for transcription: /Users/raer/Documents/code/ncapi/stuff/sagemaker-whisper/recorder/pending/chunk_11_08_2026__13_28_55.mp3 
2026-08-11 13:29:17 [INFO] Enqueued: /Users/raer/Documents/code/ncapi/stuff/sagemaker-whisper/recorder/pending/chunk_11_08_2026__13_28_55.mp3 (queue size: 1) 
2026-08-11 13:29:17 [INFO] Worker 2 processing: /Users/raer/Documents/code/ncapi/stuff/sagemaker-whisper/recorder/pending/chunk_11_08_2026__13_28_55.mp3 
2026-08-11 13:29:17 [INFO] Sending transcription request for: /Users/raer/Documents/code/ncapi/stuff/sagemaker-whisper/recorder/pending/chunk_11_08_2026__13_28_55.mp3 
2026-08-11 13:29:18 [INFO] Transcription successful for: /Users/raer/Documents/code/ncapi/stuff/sagemaker-whisper/recorder/pending/chunk_11_08_2026__13_28_55.mp3 
2026-08-11 13:29:18 [INFO] Transcript saved: processed/transcribed/chunk_11_08_2026__13_28_55.txt 
2026-08-11 13:29:18 [INFO] Audio file moved: processed/audio/chunk_11_08_2026__13_28_55.mp3 
2026-08-11 13:29:18 [INFO] Worker 2 completed: /Users/raer/Documents/code/ncapi/stuff/sagemaker-whisper/recorder/pending/chunk_11_08_2026__13_28_55.mp3 
2026-08-11 13:29:26 [INFO] Status - Queue: 0, Workers: [{"id":1,"processed":0,"failed":0,"currentFile":null},{"id":2,"processed":24,"failed":0,"currentFile":null}] 
2026-08-11 13:29:56 [INFO] Status - Queue: 0, Workers: [{"id":1,"processed":0,"failed":0,"currentFile":null},{"id":2,"processed":24,"failed":0,"currentFile":null}] 
2026-08-11 13:30:14 [INFO] New file detected: /Users/raer/Documents/code/ncapi/stuff/sagemaker-whisper/recorder/pending/chunk_11_08_2026__13_29_55.mp3 
2026-08-11 13:30:14 [INFO] File ready for transcription: /Users/raer/Documents/code/ncapi/stuff/sagemaker-whisper/recorder/pending/chunk_11_08_2026__13_29_55.mp3 
2026-08-11 13:30:14 [INFO] Enqueued: /Users/raer/Documents/code/ncapi/stuff/sagemaker-whisper/recorder/pending/chunk_11_08_2026__13_29_55.mp3 (queue size: 1) 
2026-08-11 13:30:14 [INFO] Worker 2 processing: /Users/raer/Documents/code/ncapi/stuff/sagemaker-whisper/recorder/pending/chunk_11_08_2026__13_29_55.mp3 
2026-08-11 13:30:14 [INFO] Sending transcription request for: /Users/raer/Documents/code/ncapi/stuff/sagemaker-whisper/recorder/pending/chunk_11_08_2026__13_29_55.mp3 
2026-08-11 13:30:15 [INFO] Transcription successful for: /Users/raer/Documents/code/ncapi/stuff/sagemaker-whisper/recorder/pending/chunk_11_08_2026__13_29_55.mp3 
2026-08-11 13:30:15 [INFO] Transcript saved: processed/transcribed/chunk_11_08_2026__13_29_55.txt 
2026-08-11 13:30:15 [INFO] Audio file moved: processed/audio/chunk_11_08_2026__13_29_55.mp3 
2026-08-11 13:30:15 [INFO] Worker 2 completed: /Users/raer/Documents/code/ncapi/stuff/sagemaker-whisper/recorder/pending/chunk_11_08_2026__13_29_55.mp3 
2026-08-11 13:30:26 [INFO] Status - Queue: 0, Workers: [{"id":1,"processed":0,"failed":0,"currentFile":null},{"id":2,"processed":25,"failed":0,"currentFile":null}] 
2026-08-11 13:30:56 [INFO] Status - Queue: 0, Workers: [{"id":1,"processed":0,"failed":0,"currentFile":null},{"id":2,"processed":25,"failed":0,"currentFile":null}] 
2026-08-11 13:31:16 [INFO] New file detected: /Users/raer/Documents/code/ncapi/stuff/sagemaker-whisper/recorder/pending/chunk_11_08_2026__13_30_55.mp3 
2026-08-11 13:31:16 [INFO] File ready for transcription: /Users/raer/Documents/code/ncapi/stuff/sagemaker-whisper/recorder/pending/chunk_11_08_2026__13_30_55.mp3 
2026-08-11 13:31:16 [INFO] Enqueued: /Users/raer/Documents/code/ncapi/stuff/sagemaker-whisper/recorder/pending/chunk_11_08_2026__13_30_55.mp3 (queue size: 1) 
2026-08-11 13:31:16 [INFO] Worker 2 processing: /Users/raer/Documents/code/ncapi/stuff/sagemaker-whisper/recorder/pending/chunk_11_08_2026__13_30_55.mp3 
2026-08-11 13:31:16 [INFO] Sending transcription request for: /Users/raer/Documents/code/ncapi/stuff/sagemaker-whisper/recorder/pending/chunk_11_08_2026__13_30_55.mp3 
2026-08-11 13:31:17 [INFO] Transcription successful for: /Users/raer/Documents/code/ncapi/stuff/sagemaker-whisper/recorder/pending/chunk_11_08_2026__13_30_55.mp3 
2026-08-11 13:31:17 [INFO] Transcript saved: processed/transcribed/chunk_11_08_2026__13_30_55.txt 
2026-08-11 13:31:17 [INFO] Audio file moved: processed/audio/chunk_11_08_2026__13_30_55.mp3 
2026-08-11 13:31:17 [INFO] Worker 2 completed: /Users/raer/Documents/code/ncapi/stuff/sagemaker-whisper/recorder/pending/chunk_11_08_2026__13_30_55.mp3 
2026-08-11 13:31:26 [INFO] Status - Queue: 0, Workers: [{"id":1,"processed":0,"failed":0,"currentFile":null},{"id":2,"processed":26,"failed":0,"currentFile":null}] 
2026-08-11 13:31:56 [INFO] Status - Queue: 0, Workers: [{"id":1,"processed":0,"failed":0,"currentFile":null},{"id":2,"processed":26,"failed":0,"currentFile":null}] 
2026-08-11 13:32:15 [INFO] New file detected: /Users/raer/Documents/code/ncapi/stuff/sagemaker-whisper/recorder/pending/chunk_11_08_2026__13_31_55.mp3 
2026-08-11 13:32:15 [INFO] File ready for transcription: /Users/raer/Documents/code/ncapi/stuff/sagemaker-whisper/recorder/pending/chunk_11_08_2026__13_31_55.mp3 
2026-08-11 13:32:15 [INFO] Enqueued: /Users/raer/Documents/code/ncapi/stuff/sagemaker-whisper/recorder/pending/chunk_11_08_2026__13_31_55.mp3 (queue size: 1) 
2026-08-11 13:32:15 [INFO] Worker 2 processing: /Users/raer/Documents/code/ncapi/stuff/sagemaker-whisper/recorder/pending/chunk_11_08_2026__13_31_55.mp3 
2026-08-11 13:32:15 [INFO] Sending transcription request for: /Users/raer/Documents/code/ncapi/stuff/sagemaker-whisper/recorder/pending/chunk_11_08_2026__13_31_55.mp3 
2026-08-11 13:32:16 [INFO] Transcription successful for: /Users/raer/Documents/code/ncapi/stuff/sagemaker-whisper/recorder/pending/chunk_11_08_2026__13_31_55.mp3 
2026-08-11 13:32:16 [INFO] Transcript saved: processed/transcribed/chunk_11_08_2026__13_31_55.txt 
2026-08-11 13:32:16 [INFO] Audio file moved: processed/audio/chunk_11_08_2026__13_31_55.mp3 
2026-08-11 13:32:16 [INFO] Worker 2 completed: /Users/raer/Documents/code/ncapi/stuff/sagemaker-whisper/recorder/pending/chunk_11_08_2026__13_31_55.mp3 
2026-08-11 13:32:26 [INFO] Status - Queue: 0, Workers: [{"id":1,"processed":0,"failed":0,"currentFile":null},{"id":2,"processed":27,"failed":0,"currentFile":null}] 
2026-08-11 13:32:56 [INFO] Status - Queue: 0, Workers: [{"id":1,"processed":0,"failed":0,"currentFile":null},{"id":2,"processed":27,"failed":0,"currentFile":null}] 
2026-08-11 13:33:15 [INFO] New file detected: /Users/raer/Documents/code/ncapi/stuff/sagemaker-whisper/recorder/pending/chunk_11_08_2026__13_32_55.mp3 
2026-08-11 13:33:16 [INFO] File ready for transcription: /Users/raer/Documents/code/ncapi/stuff/sagemaker-whisper/recorder/pending/chunk_11_08_2026__13_32_55.mp3 
2026-08-11 13:33:16 [INFO] Enqueued: /Users/raer/Documents/code/ncapi/stuff/sagemaker-whisper/recorder/pending/chunk_11_08_2026__13_32_55.mp3 (queue size: 1) 
2026-08-11 13:33:16 [INFO] Worker 2 processing: /Users/raer/Documents/code/ncapi/stuff/sagemaker-whisper/recorder/pending/chunk_11_08_2026__13_32_55.mp3 
2026-08-11 13:33:16 [INFO] Sending transcription request for: /Users/raer/Documents/code/ncapi/stuff/sagemaker-whisper/recorder/pending/chunk_11_08_2026__13_32_55.mp3 
2026-08-11 13:33:16 [INFO] Transcription successful for: /Users/raer/Documents/code/ncapi/stuff/sagemaker-whisper/recorder/pending/chunk_11_08_2026__13_32_55.mp3 
2026-08-11 13:33:16 [INFO] Transcript saved: processed/transcribed/chunk_11_08_2026__13_32_55.txt 
2026-08-11 13:33:16 [INFO] Audio file moved: processed/audio/chunk_11_08_2026__13_32_55.mp3 
2026-08-11 13:33:16 [INFO] Worker 2 completed: /Users/raer/Documents/code/ncapi/stuff/sagemaker-whisper/recorder/pending/chunk_11_08_2026__13_32_55.mp3 
2026-08-11 13:33:26 [INFO] Status - Queue: 0, Workers: [{"id":1,"processed":0,"failed":0,"currentFile":null},{"id":2,"processed":28,"failed":0,"currentFile":null}] 
2026-08-11 13:33:56 [INFO] Status - Queue: 0, Workers: [{"id":1,"processed":0,"failed":0,"currentFile":null},{"id":2,"processed":28,"failed":0,"currentFile":null}] 
2026-08-11 13:34:16 [INFO] New file detected: /Users/raer/Documents/code/ncapi/stuff/sagemaker-whisper/recorder/pending/chunk_11_08_2026__13_33_55.mp3 
2026-08-11 13:34:16 [INFO] File ready for transcription: /Users/raer/Documents/code/ncapi/stuff/sagemaker-whisper/recorder/pending/chunk_11_08_2026__13_33_55.mp3 
2026-08-11 13:34:16 [INFO] Enqueued: /Users/raer/Documents/code/ncapi/stuff/sagemaker-whisper/recorder/pending/chunk_11_08_2026__13_33_55.mp3 (queue size: 1) 
2026-08-11 13:34:16 [INFO] Worker 2 processing: /Users/raer/Documents/code/ncapi/stuff/sagemaker-whisper/recorder/pending/chunk_11_08_2026__13_33_55.mp3 
2026-08-11 13:34:16 [INFO] Sending transcription request for: /Users/raer/Documents/code/ncapi/stuff/sagemaker-whisper/recorder/pending/chunk_11_08_2026__13_33_55.mp3 
2026-08-11 13:34:17 [INFO] Transcription successful for: /Users/raer/Documents/code/ncapi/stuff/sagemaker-whisper/recorder/pending/chunk_11_08_2026__13_33_55.mp3 
2026-08-11 13:34:17 [INFO] Transcript saved: processed/transcribed/chunk_11_08_2026__13_33_55.txt 
2026-08-11 13:34:17 [INFO] Audio file moved: processed/audio/chunk_11_08_2026__13_33_55.mp3 
2026-08-11 13:34:17 [INFO] Worker 2 completed: /Users/raer/Documents/code/ncapi/stuff/sagemaker-whisper/recorder/pending/chunk_11_08_2026__13_33_55.mp3 
2026-08-11 13:34:26 [INFO] Status - Queue: 0, Workers: [{"id":1,"processed":0,"failed":0,"currentFile":null},{"id":2,"processed":29,"failed":0,"currentFile":null}] 
2026-08-11 13:34:56 [INFO] Status - Queue: 0, Workers: [{"id":1,"processed":0,"failed":0,"currentFile":null},{"id":2,"processed":29,"failed":0,"currentFile":null}] 
2026-08-11 13:35:14 [INFO] New file detected: /Users/raer/Documents/code/ncapi/stuff/sagemaker-whisper/recorder/pending/chunk_11_08_2026__13_34_55.mp3 
2026-08-11 13:35:14 [INFO] File ready for transcription: /Users/raer/Documents/code/ncapi/stuff/sagemaker-whisper/recorder/pending/chunk_11_08_2026__13_34_55.mp3 
2026-08-11 13:35:14 [INFO] Enqueued: /Users/raer/Documents/code/ncapi/stuff/sagemaker-whisper/recorder/pending/chunk_11_08_2026__13_34_55.mp3 (queue size: 1) 
2026-08-11 13:35:14 [INFO] Worker 2 processing: /Users/raer/Documents/code/ncapi/stuff/sagemaker-whisper/recorder/pending/chunk_11_08_2026__13_34_55.mp3 
2026-08-11 13:35:14 [INFO] Sending transcription request for: /Users/raer/Documents/code/ncapi/stuff/sagemaker-whisper/recorder/pending/chunk_11_08_2026__13_34_55.mp3 
2026-08-11 13:35:15 [INFO] Transcription successful for: /Users/raer/Documents/code/ncapi/stuff/sagemaker-whisper/recorder/pending/chunk_11_08_2026__13_34_55.mp3 
2026-08-11 13:35:15 [INFO] Transcript saved: processed/transcribed/chunk_11_08_2026__13_34_55.txt 
2026-08-11 13:35:15 [INFO] Audio file moved: processed/audio/chunk_11_08_2026__13_34_55.mp3 
2026-08-11 13:35:15 [INFO] Worker 2 completed: /Users/raer/Documents/code/ncapi/stuff/sagemaker-whisper/recorder/pending/chunk_11_08_2026__13_34_55.mp3 
2026-08-11 13:35:26 [INFO] Status - Queue: 0, Workers: [{"id":1,"processed":0,"failed":0,"currentFile":null},{"id":2,"processed":30,"failed":0,"currentFile":null}] 
2026-08-11 13:35:56 [INFO] Status - Queue: 0, Workers: [{"id":1,"processed":0,"failed":0,"currentFile":null},{"id":2,"processed":30,"failed":0,"currentFile":null}] 
2026-08-11 13:36:17 [INFO] New file detected: /Users/raer/Documents/code/ncapi/stuff/sagemaker-whisper/recorder/pending/chunk_11_08_2026__13_35_55.mp3 
2026-08-11 13:36:17 [INFO] File ready for transcription: /Users/raer/Documents/code/ncapi/stuff/sagemaker-whisper/recorder/pending/chunk_11_08_2026__13_35_55.mp3 
2026-08-11 13:36:17 [INFO] Enqueued: /Users/raer/Documents/code/ncapi/stuff/sagemaker-whisper/recorder/pending/chunk_11_08_2026__13_35_55.mp3 (queue size: 1) 
2026-08-11 13:36:17 [INFO] Worker 2 processing: /Users/raer/Documents/code/ncapi/stuff/sagemaker-whisper/recorder/pending/chunk_11_08_2026__13_35_55.mp3 
2026-08-11 13:36:17 [INFO] Sending transcription request for: /Users/raer/Documents/code/ncapi/stuff/sagemaker-whisper/recorder/pending/chunk_11_08_2026__13_35_55.mp3 
2026-08-11 13:36:18 [INFO] Transcription successful for: /Users/raer/Documents/code/ncapi/stuff/sagemaker-whisper/recorder/pending/chunk_11_08_2026__13_35_55.mp3 
2026-08-11 13:36:18 [INFO] Transcript saved: processed/transcribed/chunk_11_08_2026__13_35_55.txt 
2026-08-11 13:36:18 [INFO] Audio file moved: processed/audio/chunk_11_08_2026__13_35_55.mp3 
2026-08-11 13:36:18 [INFO] Worker 2 completed: /Users/raer/Documents/code/ncapi/stuff/sagemaker-whisper/recorder/pending/chunk_11_08_2026__13_35_55.mp3 
2026-08-11 13:36:26 [INFO] Status - Queue: 0, Workers: [{"id":1,"processed":0,"failed":0,"currentFile":null},{"id":2,"processed":31,"failed":0,"currentFile":null}] 
2026-08-11 13:36:56 [INFO] Status - Queue: 0, Workers: [{"id":1,"processed":0,"failed":0,"currentFile":null},{"id":2,"processed":31,"failed":0,"currentFile":null}] 
2026-08-11 13:37:16 [INFO] New file detected: /Users/raer/Documents/code/ncapi/stuff/sagemaker-whisper/recorder/pending/chunk_11_08_2026__13_36_55.mp3 
2026-08-11 13:37:16 [INFO] File ready for transcription: /Users/raer/Documents/code/ncapi/stuff/sagemaker-whisper/recorder/pending/chunk_11_08_2026__13_36_55.mp3 
2026-08-11 13:37:16 [INFO] Enqueued: /Users/raer/Documents/code/ncapi/stuff/sagemaker-whisper/recorder/pending/chunk_11_08_2026__13_36_55.mp3 (queue size: 1) 
2026-08-11 13:37:16 [INFO] Worker 2 processing: /Users/raer/Documents/code/ncapi/stuff/sagemaker-whisper/recorder/pending/chunk_11_08_2026__13_36_55.mp3 
2026-08-11 13:37:16 [INFO] Sending transcription request for: /Users/raer/Documents/code/ncapi/stuff/sagemaker-whisper/recorder/pending/chunk_11_08_2026__13_36_55.mp3 
2026-08-11 13:37:17 [INFO] Transcription successful for: /Users/raer/Documents/code/ncapi/stuff/sagemaker-whisper/recorder/pending/chunk_11_08_2026__13_36_55.mp3 
2026-08-11 13:37:17 [INFO] Transcript saved: processed/transcribed/chunk_11_08_2026__13_36_55.txt 
2026-08-11 13:37:17 [INFO] Audio file moved: processed/audio/chunk_11_08_2026__13_36_55.mp3 
2026-08-11 13:37:17 [INFO] Worker 2 completed: /Users/raer/Documents/code/ncapi/stuff/sagemaker-whisper/recorder/pending/chunk_11_08_2026__13_36_55.mp3 
2026-08-11 13:37:26 [INFO] Status - Queue: 0, Workers: [{"id":1,"processed":0,"failed":0,"currentFile":null},{"id":2,"processed":32,"failed":0,"currentFile":null}] 
2026-08-11 13:37:56 [INFO] Status - Queue: 0, Workers: [{"id":1,"processed":0,"failed":0,"currentFile":null},{"id":2,"processed":32,"failed":0,"currentFile":null}] 
2026-08-11 13:38:14 [INFO] New file detected: /Users/raer/Documents/code/ncapi/stuff/sagemaker-whisper/recorder/pending/chunk_11_08_2026__13_37_55.mp3 
2026-08-11 13:38:15 [INFO] File ready for transcription: /Users/raer/Documents/code/ncapi/stuff/sagemaker-whisper/recorder/pending/chunk_11_08_2026__13_37_55.mp3 
2026-08-11 13:38:15 [INFO] Enqueued: /Users/raer/Documents/code/ncapi/stuff/sagemaker-whisper/recorder/pending/chunk_11_08_2026__13_37_55.mp3 (queue size: 1) 
2026-08-11 13:38:15 [INFO] Worker 2 processing: /Users/raer/Documents/code/ncapi/stuff/sagemaker-whisper/recorder/pending/chunk_11_08_2026__13_37_55.mp3 
2026-08-11 13:38:15 [INFO] Sending transcription request for: /Users/raer/Documents/code/ncapi/stuff/sagemaker-whisper/recorder/pending/chunk_11_08_2026__13_37_55.mp3 
2026-08-11 13:38:15 [INFO] Transcription successful for: /Users/raer/Documents/code/ncapi/stuff/sagemaker-whisper/recorder/pending/chunk_11_08_2026__13_37_55.mp3 
2026-08-11 13:38:15 [INFO] Transcript saved: processed/transcribed/chunk_11_08_2026__13_37_55.txt 
2026-08-11 13:38:15 [INFO] Audio file moved: processed/audio/chunk_11_08_2026__13_37_55.mp3 
2026-08-11 13:38:15 [INFO] Worker 2 completed: /Users/raer/Documents/code/ncapi/stuff/sagemaker-whisper/recorder/pending/chunk_11_08_2026__13_37_55.mp3 
2026-08-11 13:38:26 [INFO] Status - Queue: 0, Workers: [{"id":1,"processed":0,"failed":0,"currentFile":null},{"id":2,"processed":33,"failed":0,"currentFile":null}] 
2026-08-11 13:38:56 [INFO] Status - Queue: 0, Workers: [{"id":1,"processed":0,"failed":0,"currentFile":null},{"id":2,"processed":33,"failed":0,"currentFile":null}] 
2026-08-11 13:39:14 [INFO] New file detected: /Users/raer/Documents/code/ncapi/stuff/sagemaker-whisper/recorder/pending/chunk_11_08_2026__13_38_55.mp3 
2026-08-11 13:39:14 [INFO] File ready for transcription: /Users/raer/Documents/code/ncapi/stuff/sagemaker-whisper/recorder/pending/chunk_11_08_2026__13_38_55.mp3 
2026-08-11 13:39:14 [INFO] Enqueued: /Users/raer/Documents/code/ncapi/stuff/sagemaker-whisper/recorder/pending/chunk_11_08_2026__13_38_55.mp3 (queue size: 1) 
2026-08-11 13:39:14 [INFO] Worker 2 processing: /Users/raer/Documents/code/ncapi/stuff/sagemaker-whisper/recorder/pending/chunk_11_08_2026__13_38_55.mp3 
2026-08-11 13:39:14 [INFO] Sending transcription request for: /Users/raer/Documents/code/ncapi/stuff/sagemaker-whisper/recorder/pending/chunk_11_08_2026__13_38_55.mp3 
2026-08-11 13:39:15 [INFO] Transcription successful for: /Users/raer/Documents/code/ncapi/stuff/sagemaker-whisper/recorder/pending/chunk_11_08_2026__13_38_55.mp3 
2026-08-11 13:39:15 [INFO] Transcript saved: processed/transcribed/chunk_11_08_2026__13_38_55.txt 
2026-08-11 13:39:15 [INFO] Audio file moved: processed/audio/chunk_11_08_2026__13_38_55.mp3 
2026-08-11 13:39:15 [INFO] Worker 2 completed: /Users/raer/Documents/code/ncapi/stuff/sagemaker-whisper/recorder/pending/chunk_11_08_2026__13_38_55.mp3 
2026-08-11 13:39:26 [INFO] Status - Queue: 0, Workers: [{"id":1,"processed":0,"failed":0,"currentFile":null},{"id":2,"processed":34,"failed":0,"currentFile":null}] 
2026-08-11 13:39:56 [INFO] Status - Queue: 0, Workers: [{"id":1,"processed":0,"failed":0,"currentFile":null},{"id":2,"processed":34,"failed":0,"currentFile":null}] 
2026-08-11 13:40:14 [INFO] New file detected: /Users/raer/Documents/code/ncapi/stuff/sagemaker-whisper/recorder/pending/chunk_11_08_2026__13_39_55.mp3 
2026-08-11 13:40:14 [INFO] File ready for transcription: /Users/raer/Documents/code/ncapi/stuff/sagemaker-whisper/recorder/pending/chunk_11_08_2026__13_39_55.mp3 
2026-08-11 13:40:14 [INFO] Enqueued: /Users/raer/Documents/code/ncapi/stuff/sagemaker-whisper/recorder/pending/chunk_11_08_2026__13_39_55.mp3 (queue size: 1) 
2026-08-11 13:40:14 [INFO] Worker 2 processing: /Users/raer/Documents/code/ncapi/stuff/sagemaker-whisper/recorder/pending/chunk_11_08_2026__13_39_55.mp3 
2026-08-11 13:40:14 [INFO] Sending transcription request for: /Users/raer/Documents/code/ncapi/stuff/sagemaker-whisper/recorder/pending/chunk_11_08_2026__13_39_55.mp3 
2026-08-11 13:40:15 [INFO] Transcription successful for: /Users/raer/Documents/code/ncapi/stuff/sagemaker-whisper/recorder/pending/chunk_11_08_2026__13_39_55.mp3 
2026-08-11 13:40:15 [INFO] Transcript saved: processed/transcribed/chunk_11_08_2026__13_39_55.txt 
2026-08-11 13:40:15 [INFO] Audio file moved: processed/audio/chunk_11_08_2026__13_39_55.mp3 
2026-08-11 13:40:15 [INFO] Worker 2 completed: /Users/raer/Documents/code/ncapi/stuff/sagemaker-whisper/recorder/pending/chunk_11_08_2026__13_39_55.mp3 
2026-08-11 13:40:26 [INFO] Status - Queue: 0, Workers: [{"id":1,"processed":0,"failed":0,"currentFile":null},{"id":2,"processed":35,"failed":0,"currentFile":null}] 
2026-08-11 13:40:56 [INFO] Status - Queue: 0, Workers: [{"id":1,"processed":0,"failed":0,"currentFile":null},{"id":2,"processed":35,"failed":0,"currentFile":null}] 
2026-08-11 13:41:16 [INFO] New file detected: /Users/raer/Documents/code/ncapi/stuff/sagemaker-whisper/recorder/pending/chunk_11_08_2026__13_40_55.mp3 
2026-08-11 13:41:16 [INFO] File ready for transcription: /Users/raer/Documents/code/ncapi/stuff/sagemaker-whisper/recorder/pending/chunk_11_08_2026__13_40_55.mp3 
2026-08-11 13:41:16 [INFO] Enqueued: /Users/raer/Documents/code/ncapi/stuff/sagemaker-whisper/recorder/pending/chunk_11_08_2026__13_40_55.mp3 (queue size: 1) 
2026-08-11 13:41:16 [INFO] Worker 2 processing: /Users/raer/Documents/code/ncapi/stuff/sagemaker-whisper/recorder/pending/chunk_11_08_2026__13_40_55.mp3 
2026-08-11 13:41:16 [INFO] Sending transcription request for: /Users/raer/Documents/code/ncapi/stuff/sagemaker-whisper/recorder/pending/chunk_11_08_2026__13_40_55.mp3 
2026-08-11 13:41:17 [INFO] Transcription successful for: /Users/raer/Documents/code/ncapi/stuff/sagemaker-whisper/recorder/pending/chunk_11_08_2026__13_40_55.mp3 
2026-08-11 13:41:17 [INFO] Transcript saved: processed/transcribed/chunk_11_08_2026__13_40_55.txt 
2026-08-11 13:41:17 [INFO] Audio file moved: processed/audio/chunk_11_08_2026__13_40_55.mp3 
2026-08-11 13:41:17 [INFO] Worker 2 completed: /Users/raer/Documents/code/ncapi/stuff/sagemaker-whisper/recorder/pending/chunk_11_08_2026__13_40_55.mp3 
2026-08-11 13:41:26 [INFO] Status - Queue: 0, Workers: [{"id":1,"processed":0,"failed":0,"currentFile":null},{"id":2,"processed":36,"failed":0,"currentFile":null}] 
2026-08-11 13:41:56 [INFO] Status - Queue: 0, Workers: [{"id":1,"processed":0,"failed":0,"currentFile":null},{"id":2,"processed":36,"failed":0,"currentFile":null}] 
2026-08-11 13:42:16 [INFO] New file detected: /Users/raer/Documents/code/ncapi/stuff/sagemaker-whisper/recorder/pending/chunk_11_08_2026__13_41_55.mp3 
2026-08-11 13:42:17 [INFO] File ready for transcription: /Users/raer/Documents/code/ncapi/stuff/sagemaker-whisper/recorder/pending/chunk_11_08_2026__13_41_55.mp3 
2026-08-11 13:42:17 [INFO] Enqueued: /Users/raer/Documents/code/ncapi/stuff/sagemaker-whisper/recorder/pending/chunk_11_08_2026__13_41_55.mp3 (queue size: 1) 
2026-08-11 13:42:17 [INFO] Worker 2 processing: /Users/raer/Documents/code/ncapi/stuff/sagemaker-whisper/recorder/pending/chunk_11_08_2026__13_41_55.mp3 
2026-08-11 13:42:17 [INFO] Sending transcription request for: /Users/raer/Documents/code/ncapi/stuff/sagemaker-whisper/recorder/pending/chunk_11_08_2026__13_41_55.mp3 
2026-08-11 13:42:17 [INFO] Transcription successful for: /Users/raer/Documents/code/ncapi/stuff/sagemaker-whisper/recorder/pending/chunk_11_08_2026__13_41_55.mp3 
2026-08-11 13:42:17 [INFO] Transcript saved: processed/transcribed/chunk_11_08_2026__13_41_55.txt 
2026-08-11 13:42:17 [INFO] Audio file moved: processed/audio/chunk_11_08_2026__13_41_55.mp3 
2026-08-11 13:42:17 [INFO] Worker 2 completed: /Users/raer/Documents/code/ncapi/stuff/sagemaker-whisper/recorder/pending/chunk_11_08_2026__13_41_55.mp3 
2026-08-11 13:42:26 [INFO] Status - Queue: 0, Workers: [{"id":1,"processed":0,"failed":0,"currentFile":null},{"id":2,"processed":37,"failed":0,"currentFile":null}] 
2026-08-11 13:42:56 [INFO] Status - Queue: 0, Workers: [{"id":1,"processed":0,"failed":0,"currentFile":null},{"id":2,"processed":37,"failed":0,"currentFile":null}] 
2026-08-11 13:43:15 [INFO] New file detected: /Users/raer/Documents/code/ncapi/stuff/sagemaker-whisper/recorder/pending/chunk_11_08_2026__13_42_55.mp3 
2026-08-11 13:43:15 [INFO] File ready for transcription: /Users/raer/Documents/code/ncapi/stuff/sagemaker-whisper/recorder/pending/chunk_11_08_2026__13_42_55.mp3 
2026-08-11 13:43:15 [INFO] Enqueued: /Users/raer/Documents/code/ncapi/stuff/sagemaker-whisper/recorder/pending/chunk_11_08_2026__13_42_55.mp3 (queue size: 1) 
2026-08-11 13:43:15 [INFO] Worker 2 processing: /Users/raer/Documents/code/ncapi/stuff/sagemaker-whisper/recorder/pending/chunk_11_08_2026__13_42_55.mp3 
2026-08-11 13:43:15 [INFO] Sending transcription request for: /Users/raer/Documents/code/ncapi/stuff/sagemaker-whisper/recorder/pending/chunk_11_08_2026__13_42_55.mp3 
2026-08-11 13:43:16 [INFO] Transcription successful for: /Users/raer/Documents/code/ncapi/stuff/sagemaker-whisper/recorder/pending/chunk_11_08_2026__13_42_55.mp3 
2026-08-11 13:43:16 [INFO] Transcript saved: processed/transcribed/chunk_11_08_2026__13_42_55.txt 
2026-08-11 13:43:16 [INFO] Audio file moved: processed/audio/chunk_11_08_2026__13_42_55.mp3 
2026-08-11 13:43:16 [INFO] Worker 2 completed: /Users/raer/Documents/code/ncapi/stuff/sagemaker-whisper/recorder/pending/chunk_11_08_2026__13_42_55.mp3 
2026-08-11 13:43:26 [INFO] Status - Queue: 0, Workers: [{"id":1,"processed":0,"failed":0,"currentFile":null},{"id":2,"processed":38,"failed":0,"currentFile":null}] 
2026-08-11 13:43:56 [INFO] Status - Queue: 0, Workers: [{"id":1,"processed":0,"failed":0,"currentFile":null},{"id":2,"processed":38,"failed":0,"currentFile":null}] 
2026-08-11 13:44:15 [INFO] New file detected: /Users/raer/Documents/code/ncapi/stuff/sagemaker-whisper/recorder/pending/chunk_11_08_2026__13_43_55.mp3 
2026-08-11 13:44:15 [INFO] File ready for transcription: /Users/raer/Documents/code/ncapi/stuff/sagemaker-whisper/recorder/pending/chunk_11_08_2026__13_43_55.mp3 
2026-08-11 13:44:15 [INFO] Enqueued: /Users/raer/Documents/code/ncapi/stuff/sagemaker-whisper/recorder/pending/chunk_11_08_2026__13_43_55.mp3 (queue size: 1) 
2026-08-11 13:44:15 [INFO] Worker 2 processing: /Users/raer/Documents/code/ncapi/stuff/sagemaker-whisper/recorder/pending/chunk_11_08_2026__13_43_55.mp3 
2026-08-11 13:44:15 [INFO] Sending transcription request for: /Users/raer/Documents/code/ncapi/stuff/sagemaker-whisper/recorder/pending/chunk_11_08_2026__13_43_55.mp3 
2026-08-11 13:44:16 [INFO] Transcription successful for: /Users/raer/Documents/code/ncapi/stuff/sagemaker-whisper/recorder/pending/chunk_11_08_2026__13_43_55.mp3 
2026-08-11 13:44:16 [INFO] Transcript saved: processed/transcribed/chunk_11_08_2026__13_43_55.txt 
2026-08-11 13:44:16 [INFO] Audio file moved: processed/audio/chunk_11_08_2026__13_43_55.mp3 
2026-08-11 13:44:16 [INFO] Worker 2 completed: /Users/raer/Documents/code/ncapi/stuff/sagemaker-whisper/recorder/pending/chunk_11_08_2026__13_43_55.mp3 
2026-08-11 13:44:26 [INFO] Status - Queue: 0, Workers: [{"id":1,"processed":0,"failed":0,"currentFile":null},{"id":2,"processed":39,"failed":0,"currentFile":null}] 
2026-08-11 13:44:56 [INFO] Status - Queue: 0, Workers: [{"id":1,"processed":0,"failed":0,"currentFile":null},{"id":2,"processed":39,"failed":0,"currentFile":null}] 
2026-08-11 13:45:15 [INFO] New file detected: /Users/raer/Documents/code/ncapi/stuff/sagemaker-whisper/recorder/pending/chunk_11_08_2026__13_44_54.mp3 
2026-08-11 13:45:15 [INFO] File ready for transcription: /Users/raer/Documents/code/ncapi/stuff/sagemaker-whisper/recorder/pending/chunk_11_08_2026__13_44_54.mp3 
2026-08-11 13:45:15 [INFO] Enqueued: /Users/raer/Documents/code/ncapi/stuff/sagemaker-whisper/recorder/pending/chunk_11_08_2026__13_44_54.mp3 (queue size: 1) 
2026-08-11 13:45:15 [INFO] Worker 2 processing: /Users/raer/Documents/code/ncapi/stuff/sagemaker-whisper/recorder/pending/chunk_11_08_2026__13_44_54.mp3 
2026-08-11 13:45:15 [INFO] Sending transcription request for: /Users/raer/Documents/code/ncapi/stuff/sagemaker-whisper/recorder/pending/chunk_11_08_2026__13_44_54.mp3 
2026-08-11 13:45:16 [INFO] Transcription successful for: /Users/raer/Documents/code/ncapi/stuff/sagemaker-whisper/recorder/pending/chunk_11_08_2026__13_44_54.mp3 
2026-08-11 13:45:16 [INFO] Transcript saved: processed/transcribed/chunk_11_08_2026__13_44_54.txt 
2026-08-11 13:45:16 [INFO] Audio file moved: processed/audio/chunk_11_08_2026__13_44_54.mp3 
2026-08-11 13:45:16 [INFO] Worker 2 completed: /Users/raer/Documents/code/ncapi/stuff/sagemaker-whisper/recorder/pending/chunk_11_08_2026__13_44_54.mp3 
2026-08-11 13:45:26 [INFO] Status - Queue: 0, Workers: [{"id":1,"processed":0,"failed":0,"currentFile":null},{"id":2,"processed":40,"failed":0,"currentFile":null}] 
2026-08-11 13:45:56 [INFO] Status - Queue: 0, Workers: [{"id":1,"processed":0,"failed":0,"currentFile":null},{"id":2,"processed":40,"failed":0,"currentFile":null}] 
2026-08-11 13:46:14 [INFO] New file detected: /Users/raer/Documents/code/ncapi/stuff/sagemaker-whisper/recorder/pending/chunk_11_08_2026__13_45_55.mp3 
2026-08-11 13:46:14 [INFO] File ready for transcription: /Users/raer/Documents/code/ncapi/stuff/sagemaker-whisper/recorder/pending/chunk_11_08_2026__13_45_55.mp3 
2026-08-11 13:46:14 [INFO] Enqueued: /Users/raer/Documents/code/ncapi/stuff/sagemaker-whisper/recorder/pending/chunk_11_08_2026__13_45_55.mp3 (queue size: 1) 
2026-08-11 13:46:14 [INFO] Worker 2 processing: /Users/raer/Documents/code/ncapi/stuff/sagemaker-whisper/recorder/pending/chunk_11_08_2026__13_45_55.mp3 
2026-08-11 13:46:14 [INFO] Sending transcription request for: /Users/raer/Documents/code/ncapi/stuff/sagemaker-whisper/recorder/pending/chunk_11_08_2026__13_45_55.mp3 
2026-08-11 13:46:15 [INFO] Transcription successful for: /Users/raer/Documents/code/ncapi/stuff/sagemaker-whisper/recorder/pending/chunk_11_08_2026__13_45_55.mp3 
2026-08-11 13:46:15 [INFO] Transcript saved: processed/transcribed/chunk_11_08_2026__13_45_55.txt 
2026-08-11 13:46:15 [INFO] Audio file moved: processed/audio/chunk_11_08_2026__13_45_55.mp3 
2026-08-11 13:46:15 [INFO] Worker 2 completed: /Users/raer/Documents/code/ncapi/stuff/sagemaker-whisper/recorder/pending/chunk_11_08_2026__13_45_55.mp3 
2026-08-11 13:46:26 [INFO] Status - Queue: 0, Workers: [{"id":1,"processed":0,"failed":0,"currentFile":null},{"id":2,"processed":41,"failed":0,"currentFile":null}] 
2026-08-11 13:46:56 [INFO] Status - Queue: 0, Workers: [{"id":1,"processed":0,"failed":0,"currentFile":null},{"id":2,"processed":41,"failed":0,"currentFile":null}] 
2026-08-11 13:47:14 [INFO] New file detected: /Users/raer/Documents/code/ncapi/stuff/sagemaker-whisper/recorder/pending/chunk_11_08_2026__13_46_55.mp3 
2026-08-11 13:47:14 [INFO] File ready for transcription: /Users/raer/Documents/code/ncapi/stuff/sagemaker-whisper/recorder/pending/chunk_11_08_2026__13_46_55.mp3 
2026-08-11 13:47:14 [INFO] Enqueued: /Users/raer/Documents/code/ncapi/stuff/sagemaker-whisper/recorder/pending/chunk_11_08_2026__13_46_55.mp3 (queue size: 1) 
2026-08-11 13:47:14 [INFO] Worker 2 processing: /Users/raer/Documents/code/ncapi/stuff/sagemaker-whisper/recorder/pending/chunk_11_08_2026__13_46_55.mp3 
2026-08-11 13:47:14 [INFO] Sending transcription request for: /Users/raer/Documents/code/ncapi/stuff/sagemaker-whisper/recorder/pending/chunk_11_08_2026__13_46_55.mp3 
2026-08-11 13:47:15 [INFO] Transcription successful for: /Users/raer/Documents/code/ncapi/stuff/sagemaker-whisper/recorder/pending/chunk_11_08_2026__13_46_55.mp3 
2026-08-11 13:47:15 [INFO] Transcript saved: processed/transcribed/chunk_11_08_2026__13_46_55.txt 
2026-08-11 13:47:15 [INFO] Audio file moved: processed/audio/chunk_11_08_2026__13_46_55.mp3 
2026-08-11 13:47:15 [INFO] Worker 2 completed: /Users/raer/Documents/code/ncapi/stuff/sagemaker-whisper/recorder/pending/chunk_11_08_2026__13_46_55.mp3 
2026-08-11 13:47:26 [INFO] Status - Queue: 0, Workers: [{"id":1,"processed":0,"failed":0,"currentFile":null},{"id":2,"processed":42,"failed":0,"currentFile":null}] 
2026-08-11 13:47:56 [INFO] Status - Queue: 0, Workers: [{"id":1,"processed":0,"failed":0,"currentFile":null},{"id":2,"processed":42,"failed":0,"currentFile":null}] 
2026-08-11 13:48:16 [INFO] New file detected: /Users/raer/Documents/code/ncapi/stuff/sagemaker-whisper/recorder/pending/chunk_11_08_2026__13_47_55.mp3 
2026-08-11 13:48:16 [INFO] File ready for transcription: /Users/raer/Documents/code/ncapi/stuff/sagemaker-whisper/recorder/pending/chunk_11_08_2026__13_47_55.mp3 
2026-08-11 13:48:16 [INFO] Enqueued: /Users/raer/Documents/code/ncapi/stuff/sagemaker-whisper/recorder/pending/chunk_11_08_2026__13_47_55.mp3 (queue size: 1) 
2026-08-11 13:48:16 [INFO] Worker 2 processing: /Users/raer/Documents/code/ncapi/stuff/sagemaker-whisper/recorder/pending/chunk_11_08_2026__13_47_55.mp3 
2026-08-11 13:48:16 [INFO] Sending transcription request for: /Users/raer/Documents/code/ncapi/stuff/sagemaker-whisper/recorder/pending/chunk_11_08_2026__13_47_55.mp3 
2026-08-11 13:48:16 [INFO] Transcription successful for: /Users/raer/Documents/code/ncapi/stuff/sagemaker-whisper/recorder/pending/chunk_11_08_2026__13_47_55.mp3 
2026-08-11 13:48:17 [INFO] Transcript saved: processed/transcribed/chunk_11_08_2026__13_47_55.txt 
2026-08-11 13:48:17 [INFO] Audio file moved: processed/audio/chunk_11_08_2026__13_47_55.mp3 
2026-08-11 13:48:17 [INFO] Worker 2 completed: /Users/raer/Documents/code/ncapi/stuff/sagemaker-whisper/recorder/pending/chunk_11_08_2026__13_47_55.mp3 
2026-08-11 13:48:26 [INFO] Status - Queue: 0, Workers: [{"id":1,"processed":0,"failed":0,"currentFile":null},{"id":2,"processed":43,"failed":0,"currentFile":null}] 
2026-08-11 13:48:56 [INFO] Status - Queue: 0, Workers: [{"id":1,"processed":0,"failed":0,"currentFile":null},{"id":2,"processed":43,"failed":0,"currentFile":null}] 
2026-08-11 13:49:17 [INFO] New file detected: /Users/raer/Documents/code/ncapi/stuff/sagemaker-whisper/recorder/pending/chunk_11_08_2026__13_48_55.mp3 
2026-08-11 13:49:17 [INFO] File ready for transcription: /Users/raer/Documents/code/ncapi/stuff/sagemaker-whisper/recorder/pending/chunk_11_08_2026__13_48_55.mp3 
2026-08-11 13:49:17 [INFO] Enqueued: /Users/raer/Documents/code/ncapi/stuff/sagemaker-whisper/recorder/pending/chunk_11_08_2026__13_48_55.mp3 (queue size: 1) 
2026-08-11 13:49:17 [INFO] Worker 2 processing: /Users/raer/Documents/code/ncapi/stuff/sagemaker-whisper/recorder/pending/chunk_11_08_2026__13_48_55.mp3 
2026-08-11 13:49:17 [INFO] Sending transcription request for: /Users/raer/Documents/code/ncapi/stuff/sagemaker-whisper/recorder/pending/chunk_11_08_2026__13_48_55.mp3 
2026-08-11 13:49:18 [INFO] Transcription successful for: /Users/raer/Documents/code/ncapi/stuff/sagemaker-whisper/recorder/pending/chunk_11_08_2026__13_48_55.mp3 
2026-08-11 13:49:18 [INFO] Transcript saved: processed/transcribed/chunk_11_08_2026__13_48_55.txt 
2026-08-11 13:49:18 [INFO] Audio file moved: processed/audio/chunk_11_08_2026__13_48_55.mp3 
2026-08-11 13:49:18 [INFO] Worker 2 completed: /Users/raer/Documents/code/ncapi/stuff/sagemaker-whisper/recorder/pending/chunk_11_08_2026__13_48_55.mp3 
2026-08-11 13:49:26 [INFO] Status - Queue: 0, Workers: [{"id":1,"processed":0,"failed":0,"currentFile":null},{"id":2,"processed":44,"failed":0,"currentFile":null}] 
2026-08-11 13:49:56 [INFO] Status - Queue: 0, Workers: [{"id":1,"processed":0,"failed":0,"currentFile":null},{"id":2,"processed":44,"failed":0,"currentFile":null}] 
2026-08-11 13:50:15 [INFO] New file detected: /Users/raer/Documents/code/ncapi/stuff/sagemaker-whisper/recorder/pending/chunk_11_08_2026__13_49_55.mp3 
2026-08-11 13:50:16 [INFO] File ready for transcription: /Users/raer/Documents/code/ncapi/stuff/sagemaker-whisper/recorder/pending/chunk_11_08_2026__13_49_55.mp3 
2026-08-11 13:50:16 [INFO] Enqueued: /Users/raer/Documents/code/ncapi/stuff/sagemaker-whisper/recorder/pending/chunk_11_08_2026__13_49_55.mp3 (queue size: 1) 
2026-08-11 13:50:16 [INFO] Worker 2 processing: /Users/raer/Documents/code/ncapi/stuff/sagemaker-whisper/recorder/pending/chunk_11_08_2026__13_49_55.mp3 
2026-08-11 13:50:16 [INFO] Sending transcription request for: /Users/raer/Documents/code/ncapi/stuff/sagemaker-whisper/recorder/pending/chunk_11_08_2026__13_49_55.mp3 
2026-08-11 13:50:16 [INFO] Transcription successful for: /Users/raer/Documents/code/ncapi/stuff/sagemaker-whisper/recorder/pending/chunk_11_08_2026__13_49_55.mp3 
2026-08-11 13:50:16 [INFO] Transcript saved: processed/transcribed/chunk_11_08_2026__13_49_55.txt 
2026-08-11 13:50:16 [INFO] Audio file moved: processed/audio/chunk_11_08_2026__13_49_55.mp3 
2026-08-11 13:50:16 [INFO] Worker 2 completed: /Users/raer/Documents/code/ncapi/stuff/sagemaker-whisper/recorder/pending/chunk_11_08_2026__13_49_55.mp3 
2026-08-11 13:50:26 [INFO] Status - Queue: 0, Workers: [{"id":1,"processed":0,"failed":0,"currentFile":null},{"id":2,"processed":45,"failed":0,"currentFile":null}] 
2026-08-11 13:50:56 [INFO] Status - Queue: 0, Workers: [{"id":1,"processed":0,"failed":0,"currentFile":null},{"id":2,"processed":45,"failed":0,"currentFile":null}] 
2026-08-11 13:51:15 [INFO] New file detected: /Users/raer/Documents/code/ncapi/stuff/sagemaker-whisper/recorder/pending/chunk_11_08_2026__13_50_55.mp3 
2026-08-11 13:51:15 [INFO] File ready for transcription: /Users/raer/Documents/code/ncapi/stuff/sagemaker-whisper/recorder/pending/chunk_11_08_2026__13_50_55.mp3 
2026-08-11 13:51:15 [INFO] Enqueued: /Users/raer/Documents/code/ncapi/stuff/sagemaker-whisper/recorder/pending/chunk_11_08_2026__13_50_55.mp3 (queue size: 1) 
2026-08-11 13:51:15 [INFO] Worker 2 processing: /Users/raer/Documents/code/ncapi/stuff/sagemaker-whisper/recorder/pending/chunk_11_08_2026__13_50_55.mp3 
2026-08-11 13:51:15 [INFO] Sending transcription request for: /Users/raer/Documents/code/ncapi/stuff/sagemaker-whisper/recorder/pending/chunk_11_08_2026__13_50_55.mp3 
2026-08-11 13:51:16 [INFO] Transcription successful for: /Users/raer/Documents/code/ncapi/stuff/sagemaker-whisper/recorder/pending/chunk_11_08_2026__13_50_55.mp3 
2026-08-11 13:51:16 [INFO] Transcript saved: processed/transcribed/chunk_11_08_2026__13_50_55.txt 
2026-08-11 13:51:16 [INFO] Audio file moved: processed/audio/chunk_11_08_2026__13_50_55.mp3 
2026-08-11 13:51:16 [INFO] Worker 2 completed: /Users/raer/Documents/code/ncapi/stuff/sagemaker-whisper/recorder/pending/chunk_11_08_2026__13_50_55.mp3 
2026-08-11 13:51:26 [INFO] Status - Queue: 0, Workers: [{"id":1,"processed":0,"failed":0,"currentFile":null},{"id":2,"processed":46,"failed":0,"currentFile":null}] 
2026-08-11 13:51:56 [INFO] Status - Queue: 0, Workers: [{"id":1,"processed":0,"failed":0,"currentFile":null},{"id":2,"processed":46,"failed":0,"currentFile":null}] 
2026-08-11 13:52:18 [INFO] New file detected: /Users/raer/Documents/code/ncapi/stuff/sagemaker-whisper/recorder/pending/chunk_11_08_2026__13_51_55.mp3 
2026-08-11 13:52:18 [INFO] File ready for transcription: /Users/raer/Documents/code/ncapi/stuff/sagemaker-whisper/recorder/pending/chunk_11_08_2026__13_51_55.mp3 
2026-08-11 13:52:18 [INFO] Enqueued: /Users/raer/Documents/code/ncapi/stuff/sagemaker-whisper/recorder/pending/chunk_11_08_2026__13_51_55.mp3 (queue size: 1) 
2026-08-11 13:52:18 [INFO] Worker 2 processing: /Users/raer/Documents/code/ncapi/stuff/sagemaker-whisper/recorder/pending/chunk_11_08_2026__13_51_55.mp3 
2026-08-11 13:52:18 [INFO] Sending transcription request for: /Users/raer/Documents/code/ncapi/stuff/sagemaker-whisper/recorder/pending/chunk_11_08_2026__13_51_55.mp3 
2026-08-11 13:52:19 [INFO] Transcription successful for: /Users/raer/Documents/code/ncapi/stuff/sagemaker-whisper/recorder/pending/chunk_11_08_2026__13_51_55.mp3 
2026-08-11 13:52:19 [INFO] Transcript saved: processed/transcribed/chunk_11_08_2026__13_51_55.txt 
2026-08-11 13:52:19 [INFO] Audio file moved: processed/audio/chunk_11_08_2026__13_51_55.mp3 
2026-08-11 13:52:19 [INFO] Worker 2 completed: /Users/raer/Documents/code/ncapi/stuff/sagemaker-whisper/recorder/pending/chunk_11_08_2026__13_51_55.mp3 
2026-08-11 13:52:26 [INFO] Status - Queue: 0, Workers: [{"id":1,"processed":0,"failed":0,"currentFile":null},{"id":2,"processed":47,"failed":0,"currentFile":null}] 
2026-08-11 13:52:56 [INFO] Status - Queue: 0, Workers: [{"id":1,"processed":0,"failed":0,"currentFile":null},{"id":2,"processed":47,"failed":0,"currentFile":null}] 
2026-08-11 13:53:15 [INFO] New file detected: /Users/raer/Documents/code/ncapi/stuff/sagemaker-whisper/recorder/pending/chunk_11_08_2026__13_52_55.mp3 
2026-08-11 13:53:15 [INFO] File ready for transcription: /Users/raer/Documents/code/ncapi/stuff/sagemaker-whisper/recorder/pending/chunk_11_08_2026__13_52_55.mp3 
2026-08-11 13:53:15 [INFO] Enqueued: /Users/raer/Documents/code/ncapi/stuff/sagemaker-whisper/recorder/pending/chunk_11_08_2026__13_52_55.mp3 (queue size: 1) 
2026-08-11 13:53:15 [INFO] Worker 2 processing: /Users/raer/Documents/code/ncapi/stuff/sagemaker-whisper/recorder/pending/chunk_11_08_2026__13_52_55.mp3 
2026-08-11 13:53:15 [INFO] Sending transcription request for: /Users/raer/Documents/code/ncapi/stuff/sagemaker-whisper/recorder/pending/chunk_11_08_2026__13_52_55.mp3 
2026-08-11 13:53:16 [INFO] Transcription successful for: /Users/raer/Documents/code/ncapi/stuff/sagemaker-whisper/recorder/pending/chunk_11_08_2026__13_52_55.mp3 
2026-08-11 13:53:16 [INFO] Transcript saved: processed/transcribed/chunk_11_08_2026__13_52_55.txt 
2026-08-11 13:53:16 [INFO] Audio file moved: processed/audio/chunk_11_08_2026__13_52_55.mp3 
2026-08-11 13:53:16 [INFO] Worker 2 completed: /Users/raer/Documents/code/ncapi/stuff/sagemaker-whisper/recorder/pending/chunk_11_08_2026__13_52_55.mp3 
2026-08-11 13:53:26 [INFO] Status - Queue: 0, Workers: [{"id":1,"processed":0,"failed":0,"currentFile":null},{"id":2,"processed":48,"failed":0,"currentFile":null}] 
2026-08-11 13:53:56 [INFO] Status - Queue: 0, Workers: [{"id":1,"processed":0,"failed":0,"currentFile":null},{"id":2,"processed":48,"failed":0,"currentFile":null}] 
2026-08-11 13:54:16 [INFO] New file detected: /Users/raer/Documents/code/ncapi/stuff/sagemaker-whisper/recorder/pending/chunk_11_08_2026__13_53_55.mp3 
2026-08-11 13:54:16 [INFO] File ready for transcription: /Users/raer/Documents/code/ncapi/stuff/sagemaker-whisper/recorder/pending/chunk_11_08_2026__13_53_55.mp3 
2026-08-11 13:54:16 [INFO] Enqueued: /Users/raer/Documents/code/ncapi/stuff/sagemaker-whisper/recorder/pending/chunk_11_08_2026__13_53_55.mp3 (queue size: 1) 
2026-08-11 13:54:16 [INFO] Worker 2 processing: /Users/raer/Documents/code/ncapi/stuff/sagemaker-whisper/recorder/pending/chunk_11_08_2026__13_53_55.mp3 
2026-08-11 13:54:16 [INFO] Sending transcription request for: /Users/raer/Documents/code/ncapi/stuff/sagemaker-whisper/recorder/pending/chunk_11_08_2026__13_53_55.mp3 
2026-08-11 13:54:17 [INFO] Transcription successful for: /Users/raer/Documents/code/ncapi/stuff/sagemaker-whisper/recorder/pending/chunk_11_08_2026__13_53_55.mp3 
2026-08-11 13:54:17 [INFO] Transcript saved: processed/transcribed/chunk_11_08_2026__13_53_55.txt 
2026-08-11 13:54:17 [INFO] Audio file moved: processed/audio/chunk_11_08_2026__13_53_55.mp3 
2026-08-11 13:54:17 [INFO] Worker 2 completed: /Users/raer/Documents/code/ncapi/stuff/sagemaker-whisper/recorder/pending/chunk_11_08_2026__13_53_55.mp3 
2026-08-11 13:54:26 [INFO] Status - Queue: 0, Workers: [{"id":1,"processed":0,"failed":0,"currentFile":null},{"id":2,"processed":49,"failed":0,"currentFile":null}] 
2026-08-11 13:54:56 [INFO] Status - Queue: 0, Workers: [{"id":1,"processed":0,"failed":0,"currentFile":null},{"id":2,"processed":49,"failed":0,"currentFile":null}] 
2026-08-11 13:55:14 [INFO] New file detected: /Users/raer/Documents/code/ncapi/stuff/sagemaker-whisper/recorder/pending/chunk_11_08_2026__13_54_55.mp3 
2026-08-11 13:55:14 [INFO] File ready for transcription: /Users/raer/Documents/code/ncapi/stuff/sagemaker-whisper/recorder/pending/chunk_11_08_2026__13_54_55.mp3 
2026-08-11 13:55:14 [INFO] Enqueued: /Users/raer/Documents/code/ncapi/stuff/sagemaker-whisper/recorder/pending/chunk_11_08_2026__13_54_55.mp3 (queue size: 1) 
2026-08-11 13:55:14 [INFO] Worker 2 processing: /Users/raer/Documents/code/ncapi/stuff/sagemaker-whisper/recorder/pending/chunk_11_08_2026__13_54_55.mp3 
2026-08-11 13:55:14 [INFO] Sending transcription request for: /Users/raer/Documents/code/ncapi/stuff/sagemaker-whisper/recorder/pending/chunk_11_08_2026__13_54_55.mp3 
2026-08-11 13:55:14 [INFO] Transcription successful for: /Users/raer/Documents/code/ncapi/stuff/sagemaker-whisper/recorder/pending/chunk_11_08_2026__13_54_55.mp3 
2026-08-11 13:55:14 [INFO] Transcript saved: processed/transcribed/chunk_11_08_2026__13_54_55.txt 
2026-08-11 13:55:14 [INFO] Audio file moved: processed/audio/chunk_11_08_2026__13_54_55.mp3 
2026-08-11 13:55:14 [INFO] Worker 2 completed: /Users/raer/Documents/code/ncapi/stuff/sagemaker-whisper/recorder/pending/chunk_11_08_2026__13_54_55.mp3 
2026-08-11 13:55:26 [INFO] Status - Queue: 0, Workers: [{"id":1,"processed":0,"failed":0,"currentFile":null},{"id":2,"processed":50,"failed":0,"currentFile":null}] 
2026-08-11 13:55:56 [INFO] Status - Queue: 0, Workers: [{"id":1,"processed":0,"failed":0,"currentFile":null},{"id":2,"processed":50,"failed":0,"currentFile":null}] 
2026-08-11 13:56:13 [INFO] New file detected: /Users/raer/Documents/code/ncapi/stuff/sagemaker-whisper/recorder/pending/chunk_11_08_2026__13_55_55.mp3 
2026-08-11 13:56:13 [INFO] File ready for transcription: /Users/raer/Documents/code/ncapi/stuff/sagemaker-whisper/recorder/pending/chunk_11_08_2026__13_55_55.mp3 
2026-08-11 13:56:13 [INFO] Enqueued: /Users/raer/Documents/code/ncapi/stuff/sagemaker-whisper/recorder/pending/chunk_11_08_2026__13_55_55.mp3 (queue size: 1) 
2026-08-11 13:56:13 [INFO] Worker 2 processing: /Users/raer/Documents/code/ncapi/stuff/sagemaker-whisper/recorder/pending/chunk_11_08_2026__13_55_55.mp3 
2026-08-11 13:56:13 [INFO] Sending transcription request for: /Users/raer/Documents/code/ncapi/stuff/sagemaker-whisper/recorder/pending/chunk_11_08_2026__13_55_55.mp3 
2026-08-11 13:56:14 [INFO] Transcription successful for: /Users/raer/Documents/code/ncapi/stuff/sagemaker-whisper/recorder/pending/chunk_11_08_2026__13_55_55.mp3 
2026-08-11 13:56:14 [INFO] Transcript saved: processed/transcribed/chunk_11_08_2026__13_55_55.txt 
2026-08-11 13:56:14 [INFO] Audio file moved: processed/audio/chunk_11_08_2026__13_55_55.mp3 
2026-08-11 13:56:14 [INFO] Worker 2 completed: /Users/raer/Documents/code/ncapi/stuff/sagemaker-whisper/recorder/pending/chunk_11_08_2026__13_55_55.mp3 
2026-08-11 13:56:26 [INFO] Status - Queue: 0, Workers: [{"id":1,"processed":0,"failed":0,"currentFile":null},{"id":2,"processed":51,"failed":0,"currentFile":null}] 
2026-08-11 13:56:56 [INFO] Status - Queue: 0, Workers: [{"id":1,"processed":0,"failed":0,"currentFile":null},{"id":2,"processed":51,"failed":0,"currentFile":null}] 
2026-08-11 13:57:14 [INFO] New file detected: /Users/raer/Documents/code/ncapi/stuff/sagemaker-whisper/recorder/pending/chunk_11_08_2026__13_56_55.mp3 
2026-08-11 13:57:14 [INFO] File ready for transcription: /Users/raer/Documents/code/ncapi/stuff/sagemaker-whisper/recorder/pending/chunk_11_08_2026__13_56_55.mp3 
2026-08-11 13:57:14 [INFO] Enqueued: /Users/raer/Documents/code/ncapi/stuff/sagemaker-whisper/recorder/pending/chunk_11_08_2026__13_56_55.mp3 (queue size: 1) 
2026-08-11 13:57:14 [INFO] Worker 2 processing: /Users/raer/Documents/code/ncapi/stuff/sagemaker-whisper/recorder/pending/chunk_11_08_2026__13_56_55.mp3 
2026-08-11 13:57:14 [INFO] Sending transcription request for: /Users/raer/Documents/code/ncapi/stuff/sagemaker-whisper/recorder/pending/chunk_11_08_2026__13_56_55.mp3 
2026-08-11 13:57:15 [INFO] Transcription successful for: /Users/raer/Documents/code/ncapi/stuff/sagemaker-whisper/recorder/pending/chunk_11_08_2026__13_56_55.mp3 
2026-08-11 13:57:15 [INFO] Transcript saved: processed/transcribed/chunk_11_08_2026__13_56_55.txt 
2026-08-11 13:57:15 [INFO] Audio file moved: processed/audio/chunk_11_08_2026__13_56_55.mp3 
2026-08-11 13:57:15 [INFO] Worker 2 completed: /Users/raer/Documents/code/ncapi/stuff/sagemaker-whisper/recorder/pending/chunk_11_08_2026__13_56_55.mp3 
2026-08-11 13:57:26 [INFO] Status - Queue: 0, Workers: [{"id":1,"processed":0,"failed":0,"currentFile":null},{"id":2,"processed":52,"failed":0,"currentFile":null}] 
2026-08-11 13:57:56 [INFO] Status - Queue: 0, Workers: [{"id":1,"processed":0,"failed":0,"currentFile":null},{"id":2,"processed":52,"failed":0,"currentFile":null}] 
2026-08-11 13:58:11 [INFO] New file detected: /Users/raer/Documents/code/ncapi/stuff/sagemaker-whisper/recorder/pending/chunk_11_08_2026__13_57_55.mp3 
2026-08-11 13:58:11 [INFO] File ready for transcription: /Users/raer/Documents/code/ncapi/stuff/sagemaker-whisper/recorder/pending/chunk_11_08_2026__13_57_55.mp3 
2026-08-11 13:58:11 [INFO] Enqueued: /Users/raer/Documents/code/ncapi/stuff/sagemaker-whisper/recorder/pending/chunk_11_08_2026__13_57_55.mp3 (queue size: 1) 
2026-08-11 13:58:11 [INFO] Worker 2 processing: /Users/raer/Documents/code/ncapi/stuff/sagemaker-whisper/recorder/pending/chunk_11_08_2026__13_57_55.mp3 
2026-08-11 13:58:11 [INFO] Sending transcription request for: /Users/raer/Documents/code/ncapi/stuff/sagemaker-whisper/recorder/pending/chunk_11_08_2026__13_57_55.mp3 
2026-08-11 13:58:12 [INFO] Transcription successful for: /Users/raer/Documents/code/ncapi/stuff/sagemaker-whisper/recorder/pending/chunk_11_08_2026__13_57_55.mp3 
2026-08-11 13:58:12 [INFO] Transcript saved: processed/transcribed/chunk_11_08_2026__13_57_55.txt 
2026-08-11 13:58:12 [INFO] Audio file moved: processed/audio/chunk_11_08_2026__13_57_55.mp3 
2026-08-11 13:58:12 [INFO] Worker 2 completed: /Users/raer/Documents/code/ncapi/stuff/sagemaker-whisper/recorder/pending/chunk_11_08_2026__13_57_55.mp3 
2026-08-11 13:58:26 [INFO] Status - Queue: 0, Workers: [{"id":1,"processed":0,"failed":0,"currentFile":null},{"id":2,"processed":53,"failed":0,"currentFile":null}] 
2026-08-11 13:58:56 [INFO] Status - Queue: 0, Workers: [{"id":1,"processed":0,"failed":0,"currentFile":null},{"id":2,"processed":53,"failed":0,"currentFile":null}] 
2026-08-11 13:59:16 [INFO] New file detected: /Users/raer/Documents/code/ncapi/stuff/sagemaker-whisper/recorder/pending/chunk_11_08_2026__13_58_55.mp3 
2026-08-11 13:59:16 [INFO] File ready for transcription: /Users/raer/Documents/code/ncapi/stuff/sagemaker-whisper/recorder/pending/chunk_11_08_2026__13_58_55.mp3 
2026-08-11 13:59:16 [INFO] Enqueued: /Users/raer/Documents/code/ncapi/stuff/sagemaker-whisper/recorder/pending/chunk_11_08_2026__13_58_55.mp3 (queue size: 1) 
2026-08-11 13:59:16 [INFO] Worker 2 processing: /Users/raer/Documents/code/ncapi/stuff/sagemaker-whisper/recorder/pending/chunk_11_08_2026__13_58_55.mp3 
2026-08-11 13:59:16 [INFO] Sending transcription request for: /Users/raer/Documents/code/ncapi/stuff/sagemaker-whisper/recorder/pending/chunk_11_08_2026__13_58_55.mp3 
2026-08-11 13:59:17 [INFO] Transcription successful for: /Users/raer/Documents/code/ncapi/stuff/sagemaker-whisper/recorder/pending/chunk_11_08_2026__13_58_55.mp3 
2026-08-11 13:59:17 [INFO] Transcript saved: processed/transcribed/chunk_11_08_2026__13_58_55.txt 
2026-08-11 13:59:17 [INFO] Audio file moved: processed/audio/chunk_11_08_2026__13_58_55.mp3 
2026-08-11 13:59:17 [INFO] Worker 2 completed: /Users/raer/Documents/code/ncapi/stuff/sagemaker-whisper/recorder/pending/chunk_11_08_2026__13_58_55.mp3 
2026-08-11 13:59:26 [INFO] Status - Queue: 0, Workers: [{"id":1,"processed":0,"failed":0,"currentFile":null},{"id":2,"processed":54,"failed":0,"currentFile":null}] 
2026-08-11 13:59:56 [INFO] Status - Queue: 0, Workers: [{"id":1,"processed":0,"failed":0,"currentFile":null},{"id":2,"processed":54,"failed":0,"currentFile":null}] 
2026-08-11 14:00:16 [INFO] New file detected: /Users/raer/Documents/code/ncapi/stuff/sagemaker-whisper/recorder/pending/chunk_11_08_2026__13_59_55.mp3 
2026-08-11 14:00:16 [INFO] File ready for transcription: /Users/raer/Documents/code/ncapi/stuff/sagemaker-whisper/recorder/pending/chunk_11_08_2026__13_59_55.mp3 
2026-08-11 14:00:16 [INFO] Enqueued: /Users/raer/Documents/code/ncapi/stuff/sagemaker-whisper/recorder/pending/chunk_11_08_2026__13_59_55.mp3 (queue size: 1) 
2026-08-11 14:00:16 [INFO] Worker 2 processing: /Users/raer/Documents/code/ncapi/stuff/sagemaker-whisper/recorder/pending/chunk_11_08_2026__13_59_55.mp3 
2026-08-11 14:00:16 [INFO] Sending transcription request for: /Users/raer/Documents/code/ncapi/stuff/sagemaker-whisper/recorder/pending/chunk_11_08_2026__13_59_55.mp3 
2026-08-11 14:00:17 [INFO] Transcription successful for: /Users/raer/Documents/code/ncapi/stuff/sagemaker-whisper/recorder/pending/chunk_11_08_2026__13_59_55.mp3 
2026-08-11 14:00:17 [INFO] Transcript saved: processed/transcribed/chunk_11_08_2026__13_59_55.txt 
2026-08-11 14:00:17 [INFO] Audio file moved: processed/audio/chunk_11_08_2026__13_59_55.mp3 
2026-08-11 14:00:17 [INFO] Worker 2 completed: /Users/raer/Documents/code/ncapi/stuff/sagemaker-whisper/recorder/pending/chunk_11_08_2026__13_59_55.mp3 
2026-08-11 14:00:26 [INFO] Status - Queue: 0, Workers: [{"id":1,"processed":0,"failed":0,"currentFile":null},{"id":2,"processed":55,"failed":0,"currentFile":null}] 
2026-08-11 14:00:56 [INFO] Status - Queue: 0, Workers: [{"id":1,"processed":0,"failed":0,"currentFile":null},{"id":2,"processed":55,"failed":0,"currentFile":null}] 
2026-08-11 14:01:15 [INFO] New file detected: /Users/raer/Documents/code/ncapi/stuff/sagemaker-whisper/recorder/pending/chunk_11_08_2026__14_00_55.mp3 
2026-08-11 14:01:15 [INFO] File ready for transcription: /Users/raer/Documents/code/ncapi/stuff/sagemaker-whisper/recorder/pending/chunk_11_08_2026__14_00_55.mp3 
2026-08-11 14:01:15 [INFO] Enqueued: /Users/raer/Documents/code/ncapi/stuff/sagemaker-whisper/recorder/pending/chunk_11_08_2026__14_00_55.mp3 (queue size: 1) 
2026-08-11 14:01:15 [INFO] Worker 2 processing: /Users/raer/Documents/code/ncapi/stuff/sagemaker-whisper/recorder/pending/chunk_11_08_2026__14_00_55.mp3 
2026-08-11 14:01:15 [INFO] Sending transcription request for: /Users/raer/Documents/code/ncapi/stuff/sagemaker-whisper/recorder/pending/chunk_11_08_2026__14_00_55.mp3 
2026-08-11 14:01:16 [INFO] Transcription successful for: /Users/raer/Documents/code/ncapi/stuff/sagemaker-whisper/recorder/pending/chunk_11_08_2026__14_00_55.mp3 
2026-08-11 14:01:16 [INFO] Transcript saved: processed/transcribed/chunk_11_08_2026__14_00_55.txt 
2026-08-11 14:01:16 [INFO] Audio file moved: processed/audio/chunk_11_08_2026__14_00_55.mp3 
2026-08-11 14:01:16 [INFO] Worker 2 completed: /Users/raer/Documents/code/ncapi/stuff/sagemaker-whisper/recorder/pending/chunk_11_08_2026__14_00_55.mp3 
2026-08-11 14:01:26 [INFO] Status - Queue: 0, Workers: [{"id":1,"processed":0,"failed":0,"currentFile":null},{"id":2,"processed":56,"failed":0,"currentFile":null}] 
2026-08-11 14:01:56 [INFO] Status - Queue: 0, Workers: [{"id":1,"processed":0,"failed":0,"currentFile":null},{"id":2,"processed":56,"failed":0,"currentFile":null}] 
2026-08-11 14:02:14 [INFO] New file detected: /Users/raer/Documents/code/ncapi/stuff/sagemaker-whisper/recorder/pending/chunk_11_08_2026__14_01_54.mp3 
2026-08-11 14:02:14 [INFO] File ready for transcription: /Users/raer/Documents/code/ncapi/stuff/sagemaker-whisper/recorder/pending/chunk_11_08_2026__14_01_54.mp3 
2026-08-11 14:02:14 [INFO] Enqueued: /Users/raer/Documents/code/ncapi/stuff/sagemaker-whisper/recorder/pending/chunk_11_08_2026__14_01_54.mp3 (queue size: 1) 
2026-08-11 14:02:14 [INFO] Worker 2 processing: /Users/raer/Documents/code/ncapi/stuff/sagemaker-whisper/recorder/pending/chunk_11_08_2026__14_01_54.mp3 
2026-08-11 14:02:14 [INFO] Sending transcription request for: /Users/raer/Documents/code/ncapi/stuff/sagemaker-whisper/recorder/pending/chunk_11_08_2026__14_01_54.mp3 
2026-08-11 14:02:15 [INFO] Transcription successful for: /Users/raer/Documents/code/ncapi/stuff/sagemaker-whisper/recorder/pending/chunk_11_08_2026__14_01_54.mp3 
2026-08-11 14:02:15 [INFO] Transcript saved: processed/transcribed/chunk_11_08_2026__14_01_54.txt 
2026-08-11 14:02:15 [INFO] Audio file moved: processed/audio/chunk_11_08_2026__14_01_54.mp3 
2026-08-11 14:02:15 [INFO] Worker 2 completed: /Users/raer/Documents/code/ncapi/stuff/sagemaker-whisper/recorder/pending/chunk_11_08_2026__14_01_54.mp3 
2026-08-11 14:02:26 [INFO] Status - Queue: 0, Workers: [{"id":1,"processed":0,"failed":0,"currentFile":null},{"id":2,"processed":57,"failed":0,"currentFile":null}] 
2026-08-11 14:02:56 [INFO] Status - Queue: 0, Workers: [{"id":1,"processed":0,"failed":0,"currentFile":null},{"id":2,"processed":57,"failed":0,"currentFile":null}] 
2026-08-11 14:03:13 [INFO] New file detected: /Users/raer/Documents/code/ncapi/stuff/sagemaker-whisper/recorder/pending/chunk_11_08_2026__14_02_55.mp3 
2026-08-11 14:03:14 [INFO] File ready for transcription: /Users/raer/Documents/code/ncapi/stuff/sagemaker-whisper/recorder/pending/chunk_11_08_2026__14_02_55.mp3 
2026-08-11 14:03:14 [INFO] Enqueued: /Users/raer/Documents/code/ncapi/stuff/sagemaker-whisper/recorder/pending/chunk_11_08_2026__14_02_55.mp3 (queue size: 1) 
2026-08-11 14:03:14 [INFO] Worker 2 processing: /Users/raer/Documents/code/ncapi/stuff/sagemaker-whisper/recorder/pending/chunk_11_08_2026__14_02_55.mp3 
2026-08-11 14:03:14 [INFO] Sending transcription request for: /Users/raer/Documents/code/ncapi/stuff/sagemaker-whisper/recorder/pending/chunk_11_08_2026__14_02_55.mp3 
2026-08-11 14:03:15 [INFO] Transcription successful for: /Users/raer/Documents/code/ncapi/stuff/sagemaker-whisper/recorder/pending/chunk_11_08_2026__14_02_55.mp3 
2026-08-11 14:03:15 [INFO] Transcript saved: processed/transcribed/chunk_11_08_2026__14_02_55.txt 
2026-08-11 14:03:15 [INFO] Audio file moved: processed/audio/chunk_11_08_2026__14_02_55.mp3 
2026-08-11 14:03:15 [INFO] Worker 2 completed: /Users/raer/Documents/code/ncapi/stuff/sagemaker-whisper/recorder/pending/chunk_11_08_2026__14_02_55.mp3 
2026-08-11 14:03:26 [INFO] Status - Queue: 0, Workers: [{"id":1,"processed":0,"failed":0,"currentFile":null},{"id":2,"processed":58,"failed":0,"currentFile":null}] 
2026-08-11 14:03:56 [INFO] Status - Queue: 0, Workers: [{"id":1,"processed":0,"failed":0,"currentFile":null},{"id":2,"processed":58,"failed":0,"currentFile":null}] 
2026-08-11 14:04:14 [INFO] New file detected: /Users/raer/Documents/code/ncapi/stuff/sagemaker-whisper/recorder/pending/chunk_11_08_2026__14_03_55.mp3 
2026-08-11 14:04:14 [INFO] File ready for transcription: /Users/raer/Documents/code/ncapi/stuff/sagemaker-whisper/recorder/pending/chunk_11_08_2026__14_03_55.mp3 
2026-08-11 14:04:14 [INFO] Enqueued: /Users/raer/Documents/code/ncapi/stuff/sagemaker-whisper/recorder/pending/chunk_11_08_2026__14_03_55.mp3 (queue size: 1) 
2026-08-11 14:04:14 [INFO] Worker 2 processing: /Users/raer/Documents/code/ncapi/stuff/sagemaker-whisper/recorder/pending/chunk_11_08_2026__14_03_55.mp3 
2026-08-11 14:04:14 [INFO] Sending transcription request for: /Users/raer/Documents/code/ncapi/stuff/sagemaker-whisper/recorder/pending/chunk_11_08_2026__14_03_55.mp3 
2026-08-11 14:04:15 [INFO] Transcription successful for: /Users/raer/Documents/code/ncapi/stuff/sagemaker-whisper/recorder/pending/chunk_11_08_2026__14_03_55.mp3 
2026-08-11 14:04:15 [INFO] Transcript saved: processed/transcribed/chunk_11_08_2026__14_03_55.txt 
2026-08-11 14:04:15 [INFO] Audio file moved: processed/audio/chunk_11_08_2026__14_03_55.mp3 
2026-08-11 14:04:15 [INFO] Worker 2 completed: /Users/raer/Documents/code/ncapi/stuff/sagemaker-whisper/recorder/pending/chunk_11_08_2026__14_03_55.mp3 
2026-08-11 14:04:26 [INFO] Status - Queue: 0, Workers: [{"id":1,"processed":0,"failed":0,"currentFile":null},{"id":2,"processed":59,"failed":0,"currentFile":null}] 
2026-08-11 14:04:56 [INFO] Status - Queue: 0, Workers: [{"id":1,"processed":0,"failed":0,"currentFile":null},{"id":2,"processed":59,"failed":0,"currentFile":null}] 
2026-08-11 14:05:16 [INFO] New file detected: /Users/raer/Documents/code/ncapi/stuff/sagemaker-whisper/recorder/pending/chunk_11_08_2026__14_04_55.mp3 
2026-08-11 14:05:16 [INFO] File ready for transcription: /Users/raer/Documents/code/ncapi/stuff/sagemaker-whisper/recorder/pending/chunk_11_08_2026__14_04_55.mp3 
2026-08-11 14:05:16 [INFO] Enqueued: /Users/raer/Documents/code/ncapi/stuff/sagemaker-whisper/recorder/pending/chunk_11_08_2026__14_04_55.mp3 (queue size: 1) 
2026-08-11 14:05:16 [INFO] Worker 2 processing: /Users/raer/Documents/code/ncapi/stuff/sagemaker-whisper/recorder/pending/chunk_11_08_2026__14_04_55.mp3 
2026-08-11 14:05:16 [INFO] Sending transcription request for: /Users/raer/Documents/code/ncapi/stuff/sagemaker-whisper/recorder/pending/chunk_11_08_2026__14_04_55.mp3 
2026-08-11 14:05:17 [INFO] Transcription successful for: /Users/raer/Documents/code/ncapi/stuff/sagemaker-whisper/recorder/pending/chunk_11_08_2026__14_04_55.mp3 
2026-08-11 14:05:17 [INFO] Transcript saved: processed/transcribed/chunk_11_08_2026__14_04_55.txt 
2026-08-11 14:05:17 [INFO] Audio file moved: processed/audio/chunk_11_08_2026__14_04_55.mp3 
2026-08-11 14:05:17 [INFO] Worker 2 completed: /Users/raer/Documents/code/ncapi/stuff/sagemaker-whisper/recorder/pending/chunk_11_08_2026__14_04_55.mp3 
2026-08-11 14:05:26 [INFO] Status - Queue: 0, Workers: [{"id":1,"processed":0,"failed":0,"currentFile":null},{"id":2,"processed":60,"failed":0,"currentFile":null}] 
2026-08-11 14:05:56 [INFO] Status - Queue: 0, Workers: [{"id":1,"processed":0,"failed":0,"currentFile":null},{"id":2,"processed":60,"failed":0,"currentFile":null}] 
2026-08-11 14:06:15 [INFO] New file detected: /Users/raer/Documents/code/ncapi/stuff/sagemaker-whisper/recorder/pending/chunk_11_08_2026__14_05_55.mp3 
2026-08-11 14:06:15 [INFO] File ready for transcription: /Users/raer/Documents/code/ncapi/stuff/sagemaker-whisper/recorder/pending/chunk_11_08_2026__14_05_55.mp3 
2026-08-11 14:06:15 [INFO] Enqueued: /Users/raer/Documents/code/ncapi/stuff/sagemaker-whisper/recorder/pending/chunk_11_08_2026__14_05_55.mp3 (queue size: 1) 
2026-08-11 14:06:15 [INFO] Worker 2 processing: /Users/raer/Documents/code/ncapi/stuff/sagemaker-whisper/recorder/pending/chunk_11_08_2026__14_05_55.mp3 
2026-08-11 14:06:15 [INFO] Sending transcription request for: /Users/raer/Documents/code/ncapi/stuff/sagemaker-whisper/recorder/pending/chunk_11_08_2026__14_05_55.mp3 
2026-08-11 14:06:16 [INFO] Transcription successful for: /Users/raer/Documents/code/ncapi/stuff/sagemaker-whisper/recorder/pending/chunk_11_08_2026__14_05_55.mp3 
2026-08-11 14:06:16 [INFO] Transcript saved: processed/transcribed/chunk_11_08_2026__14_05_55.txt 
2026-08-11 14:06:16 [INFO] Audio file moved: processed/audio/chunk_11_08_2026__14_05_55.mp3 
2026-08-11 14:06:16 [INFO] Worker 2 completed: /Users/raer/Documents/code/ncapi/stuff/sagemaker-whisper/recorder/pending/chunk_11_08_2026__14_05_55.mp3 
2026-08-11 14:06:26 [INFO] Status - Queue: 0, Workers: [{"id":1,"processed":0,"failed":0,"currentFile":null},{"id":2,"processed":61,"failed":0,"currentFile":null}] 
2026-08-11 14:06:56 [INFO] Status - Queue: 0, Workers: [{"id":1,"processed":0,"failed":0,"currentFile":null},{"id":2,"processed":61,"failed":0,"currentFile":null}] 
2026-08-11 14:07:15 [INFO] New file detected: /Users/raer/Documents/code/ncapi/stuff/sagemaker-whisper/recorder/pending/chunk_11_08_2026__14_06_55.mp3 
2026-08-11 14:07:15 [INFO] File ready for transcription: /Users/raer/Documents/code/ncapi/stuff/sagemaker-whisper/recorder/pending/chunk_11_08_2026__14_06_55.mp3 
2026-08-11 14:07:15 [INFO] Enqueued: /Users/raer/Documents/code/ncapi/stuff/sagemaker-whisper/recorder/pending/chunk_11_08_2026__14_06_55.mp3 (queue size: 1) 
2026-08-11 14:07:15 [INFO] Worker 2 processing: /Users/raer/Documents/code/ncapi/stuff/sagemaker-whisper/recorder/pending/chunk_11_08_2026__14_06_55.mp3 
2026-08-11 14:07:15 [INFO] Sending transcription request for: /Users/raer/Documents/code/ncapi/stuff/sagemaker-whisper/recorder/pending/chunk_11_08_2026__14_06_55.mp3 
2026-08-11 14:07:16 [INFO] Transcription successful for: /Users/raer/Documents/code/ncapi/stuff/sagemaker-whisper/recorder/pending/chunk_11_08_2026__14_06_55.mp3 
2026-08-11 14:07:16 [INFO] Transcript saved: processed/transcribed/chunk_11_08_2026__14_06_55.txt 
2026-08-11 14:07:16 [INFO] Audio file moved: processed/audio/chunk_11_08_2026__14_06_55.mp3 
2026-08-11 14:07:16 [INFO] Worker 2 completed: /Users/raer/Documents/code/ncapi/stuff/sagemaker-whisper/recorder/pending/chunk_11_08_2026__14_06_55.mp3 
2026-08-11 14:07:26 [INFO] Status - Queue: 0, Workers: [{"id":1,"processed":0,"failed":0,"currentFile":null},{"id":2,"processed":62,"failed":0,"currentFile":null}] 
2026-08-11 14:07:56 [INFO] Status - Queue: 0, Workers: [{"id":1,"processed":0,"failed":0,"currentFile":null},{"id":2,"processed":62,"failed":0,"currentFile":null}] 
2026-08-11 14:08:19 [INFO] New file detected: /Users/raer/Documents/code/ncapi/stuff/sagemaker-whisper/recorder/pending/chunk_11_08_2026__14_07_55.mp3 
2026-08-11 14:08:19 [INFO] File ready for transcription: /Users/raer/Documents/code/ncapi/stuff/sagemaker-whisper/recorder/pending/chunk_11_08_2026__14_07_55.mp3 
2026-08-11 14:08:19 [INFO] Enqueued: /Users/raer/Documents/code/ncapi/stuff/sagemaker-whisper/recorder/pending/chunk_11_08_2026__14_07_55.mp3 (queue size: 1) 
2026-08-11 14:08:19 [INFO] Worker 2 processing: /Users/raer/Documents/code/ncapi/stuff/sagemaker-whisper/recorder/pending/chunk_11_08_2026__14_07_55.mp3 
2026-08-11 14:08:19 [INFO] Sending transcription request for: /Users/raer/Documents/code/ncapi/stuff/sagemaker-whisper/recorder/pending/chunk_11_08_2026__14_07_55.mp3 
2026-08-11 14:08:19 [INFO] Transcription successful for: /Users/raer/Documents/code/ncapi/stuff/sagemaker-whisper/recorder/pending/chunk_11_08_2026__14_07_55.mp3 
2026-08-11 14:08:19 [INFO] Transcript saved: processed/transcribed/chunk_11_08_2026__14_07_55.txt 
2026-08-11 14:08:19 [INFO] Audio file moved: processed/audio/chunk_11_08_2026__14_07_55.mp3 
2026-08-11 14:08:19 [INFO] Worker 2 completed: /Users/raer/Documents/code/ncapi/stuff/sagemaker-whisper/recorder/pending/chunk_11_08_2026__14_07_55.mp3 
2026-08-11 14:08:26 [INFO] Status - Queue: 0, Workers: [{"id":1,"processed":0,"failed":0,"currentFile":null},{"id":2,"processed":63,"failed":0,"currentFile":null}] 
2026-08-11 14:08:56 [INFO] Status - Queue: 0, Workers: [{"id":1,"processed":0,"failed":0,"currentFile":null},{"id":2,"processed":63,"failed":0,"currentFile":null}] 
2026-08-11 14:09:17 [INFO] New file detected: /Users/raer/Documents/code/ncapi/stuff/sagemaker-whisper/recorder/pending/chunk_11_08_2026__14_08_55.mp3 
2026-08-11 14:09:17 [INFO] File ready for transcription: /Users/raer/Documents/code/ncapi/stuff/sagemaker-whisper/recorder/pending/chunk_11_08_2026__14_08_55.mp3 
2026-08-11 14:09:17 [INFO] Enqueued: /Users/raer/Documents/code/ncapi/stuff/sagemaker-whisper/recorder/pending/chunk_11_08_2026__14_08_55.mp3 (queue size: 1) 
2026-08-11 14:09:17 [INFO] Worker 2 processing: /Users/raer/Documents/code/ncapi/stuff/sagemaker-whisper/recorder/pending/chunk_11_08_2026__14_08_55.mp3 
2026-08-11 14:09:17 [INFO] Sending transcription request for: /Users/raer/Documents/code/ncapi/stuff/sagemaker-whisper/recorder/pending/chunk_11_08_2026__14_08_55.mp3 
2026-08-11 14:09:18 [INFO] Transcription successful for: /Users/raer/Documents/code/ncapi/stuff/sagemaker-whisper/recorder/pending/chunk_11_08_2026__14_08_55.mp3 
2026-08-11 14:09:18 [INFO] Transcript saved: processed/transcribed/chunk_11_08_2026__14_08_55.txt 
2026-08-11 14:09:18 [INFO] Audio file moved: processed/audio/chunk_11_08_2026__14_08_55.mp3 
2026-08-11 14:09:18 [INFO] Worker 2 completed: /Users/raer/Documents/code/ncapi/stuff/sagemaker-whisper/recorder/pending/chunk_11_08_2026__14_08_55.mp3 
2026-08-11 14:09:26 [INFO] Status - Queue: 0, Workers: [{"id":1,"processed":0,"failed":0,"currentFile":null},{"id":2,"processed":64,"failed":0,"currentFile":null}] 
2026-08-11 14:09:56 [INFO] Status - Queue: 0, Workers: [{"id":1,"processed":0,"failed":0,"currentFile":null},{"id":2,"processed":64,"failed":0,"currentFile":null}] 
2026-08-11 14:10:13 [INFO] New file detected: /Users/raer/Documents/code/ncapi/stuff/sagemaker-whisper/recorder/pending/chunk_11_08_2026__14_09_55.mp3 
2026-08-11 14:10:13 [INFO] File ready for transcription: /Users/raer/Documents/code/ncapi/stuff/sagemaker-whisper/recorder/pending/chunk_11_08_2026__14_09_55.mp3 
2026-08-11 14:10:13 [INFO] Enqueued: /Users/raer/Documents/code/ncapi/stuff/sagemaker-whisper/recorder/pending/chunk_11_08_2026__14_09_55.mp3 (queue size: 1) 
2026-08-11 14:10:13 [INFO] Worker 2 processing: /Users/raer/Documents/code/ncapi/stuff/sagemaker-whisper/recorder/pending/chunk_11_08_2026__14_09_55.mp3 
2026-08-11 14:10:13 [INFO] Sending transcription request for: /Users/raer/Documents/code/ncapi/stuff/sagemaker-whisper/recorder/pending/chunk_11_08_2026__14_09_55.mp3 
2026-08-11 14:10:14 [INFO] Transcription successful for: /Users/raer/Documents/code/ncapi/stuff/sagemaker-whisper/recorder/pending/chunk_11_08_2026__14_09_55.mp3 
2026-08-11 14:10:14 [INFO] Transcript saved: processed/transcribed/chunk_11_08_2026__14_09_55.txt 
2026-08-11 14:10:14 [INFO] Audio file moved: processed/audio/chunk_11_08_2026__14_09_55.mp3 
2026-08-11 14:10:14 [INFO] Worker 2 completed: /Users/raer/Documents/code/ncapi/stuff/sagemaker-whisper/recorder/pending/chunk_11_08_2026__14_09_55.mp3 
2026-08-11 14:10:26 [INFO] Status - Queue: 0, Workers: [{"id":1,"processed":0,"failed":0,"currentFile":null},{"id":2,"processed":65,"failed":0,"currentFile":null}] 
2026-08-11 14:10:56 [INFO] Status - Queue: 0, Workers: [{"id":1,"processed":0,"failed":0,"currentFile":null},{"id":2,"processed":65,"failed":0,"currentFile":null}] 
2026-08-11 14:11:13 [INFO] New file detected: /Users/raer/Documents/code/ncapi/stuff/sagemaker-whisper/recorder/pending/chunk_11_08_2026__14_10_55.mp3 
2026-08-11 14:11:13 [INFO] File ready for transcription: /Users/raer/Documents/code/ncapi/stuff/sagemaker-whisper/recorder/pending/chunk_11_08_2026__14_10_55.mp3 
2026-08-11 14:11:13 [INFO] Enqueued: /Users/raer/Documents/code/ncapi/stuff/sagemaker-whisper/recorder/pending/chunk_11_08_2026__14_10_55.mp3 (queue size: 1) 
2026-08-11 14:11:13 [INFO] Worker 2 processing: /Users/raer/Documents/code/ncapi/stuff/sagemaker-whisper/recorder/pending/chunk_11_08_2026__14_10_55.mp3 
2026-08-11 14:11:13 [INFO] Sending transcription request for: /Users/raer/Documents/code/ncapi/stuff/sagemaker-whisper/recorder/pending/chunk_11_08_2026__14_10_55.mp3 
2026-08-11 14:11:14 [INFO] Transcription successful for: /Users/raer/Documents/code/ncapi/stuff/sagemaker-whisper/recorder/pending/chunk_11_08_2026__14_10_55.mp3 
2026-08-11 14:11:14 [INFO] Transcript saved: processed/transcribed/chunk_11_08_2026__14_10_55.txt 
2026-08-11 14:11:14 [INFO] Audio file moved: processed/audio/chunk_11_08_2026__14_10_55.mp3 
2026-08-11 14:11:14 [INFO] Worker 2 completed: /Users/raer/Documents/code/ncapi/stuff/sagemaker-whisper/recorder/pending/chunk_11_08_2026__14_10_55.mp3 
2026-08-11 14:11:26 [INFO] Status - Queue: 0, Workers: [{"id":1,"processed":0,"failed":0,"currentFile":null},{"id":2,"processed":66,"failed":0,"currentFile":null}] 
2026-08-11 14:11:56 [INFO] Status - Queue: 0, Workers: [{"id":1,"processed":0,"failed":0,"currentFile":null},{"id":2,"processed":66,"failed":0,"currentFile":null}] 
2026-08-11 14:12:15 [INFO] New file detected: /Users/raer/Documents/code/ncapi/stuff/sagemaker-whisper/recorder/pending/chunk_11_08_2026__14_11_55.mp3 
2026-08-11 14:12:15 [INFO] File ready for transcription: /Users/raer/Documents/code/ncapi/stuff/sagemaker-whisper/recorder/pending/chunk_11_08_2026__14_11_55.mp3 
2026-08-11 14:12:15 [INFO] Enqueued: /Users/raer/Documents/code/ncapi/stuff/sagemaker-whisper/recorder/pending/chunk_11_08_2026__14_11_55.mp3 (queue size: 1) 
2026-08-11 14:12:15 [INFO] Worker 2 processing: /Users/raer/Documents/code/ncapi/stuff/sagemaker-whisper/recorder/pending/chunk_11_08_2026__14_11_55.mp3 
2026-08-11 14:12:15 [INFO] Sending transcription request for: /Users/raer/Documents/code/ncapi/stuff/sagemaker-whisper/recorder/pending/chunk_11_08_2026__14_11_55.mp3 
2026-08-11 14:12:16 [INFO] Transcription successful for: /Users/raer/Documents/code/ncapi/stuff/sagemaker-whisper/recorder/pending/chunk_11_08_2026__14_11_55.mp3 
2026-08-11 14:12:16 [INFO] Transcript saved: processed/transcribed/chunk_11_08_2026__14_11_55.txt 
2026-08-11 14:12:16 [INFO] Audio file moved: processed/audio/chunk_11_08_2026__14_11_55.mp3 
2026-08-11 14:12:16 [INFO] Worker 2 completed: /Users/raer/Documents/code/ncapi/stuff/sagemaker-whisper/recorder/pending/chunk_11_08_2026__14_11_55.mp3 
2026-08-11 14:12:26 [INFO] Status - Queue: 0, Workers: [{"id":1,"processed":0,"failed":0,"currentFile":null},{"id":2,"processed":67,"failed":0,"currentFile":null}] 
2026-08-11 14:12:56 [INFO] Status - Queue: 0, Workers: [{"id":1,"processed":0,"failed":0,"currentFile":null},{"id":2,"processed":67,"failed":0,"currentFile":null}] 
2026-08-11 14:13:12 [INFO] New file detected: /Users/raer/Documents/code/ncapi/stuff/sagemaker-whisper/recorder/pending/chunk_11_08_2026__14_12_55.mp3 
2026-08-11 14:13:12 [INFO] File ready for transcription: /Users/raer/Documents/code/ncapi/stuff/sagemaker-whisper/recorder/pending/chunk_11_08_2026__14_12_55.mp3 
2026-08-11 14:13:12 [INFO] Enqueued: /Users/raer/Documents/code/ncapi/stuff/sagemaker-whisper/recorder/pending/chunk_11_08_2026__14_12_55.mp3 (queue size: 1) 
2026-08-11 14:13:12 [INFO] Worker 2 processing: /Users/raer/Documents/code/ncapi/stuff/sagemaker-whisper/recorder/pending/chunk_11_08_2026__14_12_55.mp3 
2026-08-11 14:13:12 [INFO] Sending transcription request for: /Users/raer/Documents/code/ncapi/stuff/sagemaker-whisper/recorder/pending/chunk_11_08_2026__14_12_55.mp3 
2026-08-11 14:13:13 [INFO] Transcription successful for: /Users/raer/Documents/code/ncapi/stuff/sagemaker-whisper/recorder/pending/chunk_11_08_2026__14_12_55.mp3 
2026-08-11 14:13:13 [INFO] Transcript saved: processed/transcribed/chunk_11_08_2026__14_12_55.txt 
2026-08-11 14:13:13 [INFO] Audio file moved: processed/audio/chunk_11_08_2026__14_12_55.mp3 
2026-08-11 14:13:13 [INFO] Worker 2 completed: /Users/raer/Documents/code/ncapi/stuff/sagemaker-whisper/recorder/pending/chunk_11_08_2026__14_12_55.mp3 
2026-08-11 14:13:26 [INFO] Status - Queue: 0, Workers: [{"id":1,"processed":0,"failed":0,"currentFile":null},{"id":2,"processed":68,"failed":0,"currentFile":null}] 
2026-08-11 14:13:56 [INFO] Status - Queue: 0, Workers: [{"id":1,"processed":0,"failed":0,"currentFile":null},{"id":2,"processed":68,"failed":0,"currentFile":null}] 
2026-08-11 14:14:14 [INFO] New file detected: /Users/raer/Documents/code/ncapi/stuff/sagemaker-whisper/recorder/pending/chunk_11_08_2026__14_13_55.mp3 
2026-08-11 14:14:14 [INFO] File ready for transcription: /Users/raer/Documents/code/ncapi/stuff/sagemaker-whisper/recorder/pending/chunk_11_08_2026__14_13_55.mp3 
2026-08-11 14:14:14 [INFO] Enqueued: /Users/raer/Documents/code/ncapi/stuff/sagemaker-whisper/recorder/pending/chunk_11_08_2026__14_13_55.mp3 (queue size: 1) 
2026-08-11 14:14:14 [INFO] Worker 2 processing: /Users/raer/Documents/code/ncapi/stuff/sagemaker-whisper/recorder/pending/chunk_11_08_2026__14_13_55.mp3 
2026-08-11 14:14:14 [INFO] Sending transcription request for: /Users/raer/Documents/code/ncapi/stuff/sagemaker-whisper/recorder/pending/chunk_11_08_2026__14_13_55.mp3 
2026-08-11 14:14:15 [INFO] Transcription successful for: /Users/raer/Documents/code/ncapi/stuff/sagemaker-whisper/recorder/pending/chunk_11_08_2026__14_13_55.mp3 
2026-08-11 14:14:15 [INFO] Transcript saved: processed/transcribed/chunk_11_08_2026__14_13_55.txt 
2026-08-11 14:14:15 [INFO] Audio file moved: processed/audio/chunk_11_08_2026__14_13_55.mp3 
2026-08-11 14:14:15 [INFO] Worker 2 completed: /Users/raer/Documents/code/ncapi/stuff/sagemaker-whisper/recorder/pending/chunk_11_08_2026__14_13_55.mp3 
2026-08-11 14:14:26 [INFO] Status - Queue: 0, Workers: [{"id":1,"processed":0,"failed":0,"currentFile":null},{"id":2,"processed":69,"failed":0,"currentFile":null}] 
2026-08-11 14:14:56 [INFO] Status - Queue: 0, Workers: [{"id":1,"processed":0,"failed":0,"currentFile":null},{"id":2,"processed":69,"failed":0,"currentFile":null}] 
2026-08-11 14:15:16 [INFO] New file detected: /Users/raer/Documents/code/ncapi/stuff/sagemaker-whisper/recorder/pending/chunk_11_08_2026__14_14_55.mp3 
2026-08-11 14:15:17 [INFO] File ready for transcription: /Users/raer/Documents/code/ncapi/stuff/sagemaker-whisper/recorder/pending/chunk_11_08_2026__14_14_55.mp3 
2026-08-11 14:15:17 [INFO] Enqueued: /Users/raer/Documents/code/ncapi/stuff/sagemaker-whisper/recorder/pending/chunk_11_08_2026__14_14_55.mp3 (queue size: 1) 
2026-08-11 14:15:17 [INFO] Worker 2 processing: /Users/raer/Documents/code/ncapi/stuff/sagemaker-whisper/recorder/pending/chunk_11_08_2026__14_14_55.mp3 
2026-08-11 14:15:17 [INFO] Sending transcription request for: /Users/raer/Documents/code/ncapi/stuff/sagemaker-whisper/recorder/pending/chunk_11_08_2026__14_14_55.mp3 
2026-08-11 14:15:17 [INFO] Transcription successful for: /Users/raer/Documents/code/ncapi/stuff/sagemaker-whisper/recorder/pending/chunk_11_08_2026__14_14_55.mp3 
2026-08-11 14:15:17 [INFO] Transcript saved: processed/transcribed/chunk_11_08_2026__14_14_55.txt 
2026-08-11 14:15:17 [INFO] Audio file moved: processed/audio/chunk_11_08_2026__14_14_55.mp3 
2026-08-11 14:15:17 [INFO] Worker 2 completed: /Users/raer/Documents/code/ncapi/stuff/sagemaker-whisper/recorder/pending/chunk_11_08_2026__14_14_55.mp3 
2026-08-11 14:15:26 [INFO] Status - Queue: 0, Workers: [{"id":1,"processed":0,"failed":0,"currentFile":null},{"id":2,"processed":70,"failed":0,"currentFile":null}] 
2026-08-11 14:15:56 [INFO] Status - Queue: 0, Workers: [{"id":1,"processed":0,"failed":0,"currentFile":null},{"id":2,"processed":70,"failed":0,"currentFile":null}] 
2026-08-11 14:16:15 [INFO] New file detected: /Users/raer/Documents/code/ncapi/stuff/sagemaker-whisper/recorder/pending/chunk_11_08_2026__14_15_55.mp3 
2026-08-11 14:16:15 [INFO] File ready for transcription: /Users/raer/Documents/code/ncapi/stuff/sagemaker-whisper/recorder/pending/chunk_11_08_2026__14_15_55.mp3 
2026-08-11 14:16:15 [INFO] Enqueued: /Users/raer/Documents/code/ncapi/stuff/sagemaker-whisper/recorder/pending/chunk_11_08_2026__14_15_55.mp3 (queue size: 1) 
2026-08-11 14:16:15 [INFO] Worker 2 processing: /Users/raer/Documents/code/ncapi/stuff/sagemaker-whisper/recorder/pending/chunk_11_08_2026__14_15_55.mp3 
2026-08-11 14:16:15 [INFO] Sending transcription request for: /Users/raer/Documents/code/ncapi/stuff/sagemaker-whisper/recorder/pending/chunk_11_08_2026__14_15_55.mp3 
2026-08-11 14:16:16 [INFO] Transcription successful for: /Users/raer/Documents/code/ncapi/stuff/sagemaker-whisper/recorder/pending/chunk_11_08_2026__14_15_55.mp3 
2026-08-11 14:16:16 [INFO] Transcript saved: processed/transcribed/chunk_11_08_2026__14_15_55.txt 
2026-08-11 14:16:16 [INFO] Audio file moved: processed/audio/chunk_11_08_2026__14_15_55.mp3 
2026-08-11 14:16:16 [INFO] Worker 2 completed: /Users/raer/Documents/code/ncapi/stuff/sagemaker-whisper/recorder/pending/chunk_11_08_2026__14_15_55.mp3 
2026-08-11 14:16:26 [INFO] Status - Queue: 0, Workers: [{"id":1,"processed":0,"failed":0,"currentFile":null},{"id":2,"processed":71,"failed":0,"currentFile":null}] 
2026-08-11 14:16:56 [INFO] Status - Queue: 0, Workers: [{"id":1,"processed":0,"failed":0,"currentFile":null},{"id":2,"processed":71,"failed":0,"currentFile":null}] 
2026-08-11 14:17:13 [INFO] New file detected: /Users/raer/Documents/code/ncapi/stuff/sagemaker-whisper/recorder/pending/chunk_11_08_2026__14_16_55.mp3 
2026-08-11 14:17:13 [INFO] File ready for transcription: /Users/raer/Documents/code/ncapi/stuff/sagemaker-whisper/recorder/pending/chunk_11_08_2026__14_16_55.mp3 
2026-08-11 14:17:13 [INFO] Enqueued: /Users/raer/Documents/code/ncapi/stuff/sagemaker-whisper/recorder/pending/chunk_11_08_2026__14_16_55.mp3 (queue size: 1) 
2026-08-11 14:17:13 [INFO] Worker 2 processing: /Users/raer/Documents/code/ncapi/stuff/sagemaker-whisper/recorder/pending/chunk_11_08_2026__14_16_55.mp3 
2026-08-11 14:17:13 [INFO] Sending transcription request for: /Users/raer/Documents/code/ncapi/stuff/sagemaker-whisper/recorder/pending/chunk_11_08_2026__14_16_55.mp3 
2026-08-11 14:17:14 [INFO] Transcription successful for: /Users/raer/Documents/code/ncapi/stuff/sagemaker-whisper/recorder/pending/chunk_11_08_2026__14_16_55.mp3 
2026-08-11 14:17:14 [INFO] Transcript saved: processed/transcribed/chunk_11_08_2026__14_16_55.txt 
2026-08-11 14:17:14 [INFO] Audio file moved: processed/audio/chunk_11_08_2026__14_16_55.mp3 
2026-08-11 14:17:14 [INFO] Worker 2 completed: /Users/raer/Documents/code/ncapi/stuff/sagemaker-whisper/recorder/pending/chunk_11_08_2026__14_16_55.mp3 
2026-08-11 14:17:26 [INFO] Status - Queue: 0, Workers: [{"id":1,"processed":0,"failed":0,"currentFile":null},{"id":2,"processed":72,"failed":0,"currentFile":null}] 
2026-08-11 14:17:56 [INFO] Status - Queue: 0, Workers: [{"id":1,"processed":0,"failed":0,"currentFile":null},{"id":2,"processed":72,"failed":0,"currentFile":null}] 
2026-08-11 14:18:17 [INFO] New file detected: /Users/raer/Documents/code/ncapi/stuff/sagemaker-whisper/recorder/pending/chunk_11_08_2026__14_17_55.mp3 
2026-08-11 14:18:17 [INFO] File ready for transcription: /Users/raer/Documents/code/ncapi/stuff/sagemaker-whisper/recorder/pending/chunk_11_08_2026__14_17_55.mp3 
2026-08-11 14:18:17 [INFO] Enqueued: /Users/raer/Documents/code/ncapi/stuff/sagemaker-whisper/recorder/pending/chunk_11_08_2026__14_17_55.mp3 (queue size: 1) 
2026-08-11 14:18:17 [INFO] Worker 2 processing: /Users/raer/Documents/code/ncapi/stuff/sagemaker-whisper/recorder/pending/chunk_11_08_2026__14_17_55.mp3 
2026-08-11 14:18:17 [INFO] Sending transcription request for: /Users/raer/Documents/code/ncapi/stuff/sagemaker-whisper/recorder/pending/chunk_11_08_2026__14_17_55.mp3 
2026-08-11 14:18:18 [INFO] Transcription successful for: /Users/raer/Documents/code/ncapi/stuff/sagemaker-whisper/recorder/pending/chunk_11_08_2026__14_17_55.mp3 
2026-08-11 14:18:18 [INFO] Transcript saved: processed/transcribed/chunk_11_08_2026__14_17_55.txt 
2026-08-11 14:18:18 [INFO] Audio file moved: processed/audio/chunk_11_08_2026__14_17_55.mp3 
2026-08-11 14:18:18 [INFO] Worker 2 completed: /Users/raer/Documents/code/ncapi/stuff/sagemaker-whisper/recorder/pending/chunk_11_08_2026__14_17_55.mp3 
2026-08-11 14:18:26 [INFO] Status - Queue: 0, Workers: [{"id":1,"processed":0,"failed":0,"currentFile":null},{"id":2,"processed":73,"failed":0,"currentFile":null}] 
2026-08-11 14:18:56 [INFO] Status - Queue: 0, Workers: [{"id":1,"processed":0,"failed":0,"currentFile":null},{"id":2,"processed":73,"failed":0,"currentFile":null}] 
2026-08-11 14:19:14 [INFO] New file detected: /Users/raer/Documents/code/ncapi/stuff/sagemaker-whisper/recorder/pending/chunk_11_08_2026__14_18_55.mp3 
2026-08-11 14:19:14 [INFO] File ready for transcription: /Users/raer/Documents/code/ncapi/stuff/sagemaker-whisper/recorder/pending/chunk_11_08_2026__14_18_55.mp3 
2026-08-11 14:19:14 [INFO] Enqueued: /Users/raer/Documents/code/ncapi/stuff/sagemaker-whisper/recorder/pending/chunk_11_08_2026__14_18_55.mp3 (queue size: 1) 
2026-08-11 14:19:14 [INFO] Worker 2 processing: /Users/raer/Documents/code/ncapi/stuff/sagemaker-whisper/recorder/pending/chunk_11_08_2026__14_18_55.mp3 
2026-08-11 14:19:14 [INFO] Sending transcription request for: /Users/raer/Documents/code/ncapi/stuff/sagemaker-whisper/recorder/pending/chunk_11_08_2026__14_18_55.mp3 
2026-08-11 14:19:15 [INFO] Transcription successful for: /Users/raer/Documents/code/ncapi/stuff/sagemaker-whisper/recorder/pending/chunk_11_08_2026__14_18_55.mp3 
2026-08-11 14:19:15 [INFO] Transcript saved: processed/transcribed/chunk_11_08_2026__14_18_55.txt 
2026-08-11 14:19:15 [INFO] Audio file moved: processed/audio/chunk_11_08_2026__14_18_55.mp3 
2026-08-11 14:19:15 [INFO] Worker 2 completed: /Users/raer/Documents/code/ncapi/stuff/sagemaker-whisper/recorder/pending/chunk_11_08_2026__14_18_55.mp3 
2026-08-11 14:19:26 [INFO] Status - Queue: 0, Workers: [{"id":1,"processed":0,"failed":0,"currentFile":null},{"id":2,"processed":74,"failed":0,"currentFile":null}] 
2026-08-11 14:19:56 [INFO] Status - Queue: 0, Workers: [{"id":1,"processed":0,"failed":0,"currentFile":null},{"id":2,"processed":74,"failed":0,"currentFile":null}] 
2026-08-11 14:20:19 [INFO] New file detected: /Users/raer/Documents/code/ncapi/stuff/sagemaker-whisper/recorder/pending/chunk_11_08_2026__14_19_55.mp3 
2026-08-11 14:20:19 [INFO] File ready for transcription: /Users/raer/Documents/code/ncapi/stuff/sagemaker-whisper/recorder/pending/chunk_11_08_2026__14_19_55.mp3 
2026-08-11 14:20:19 [INFO] Enqueued: /Users/raer/Documents/code/ncapi/stuff/sagemaker-whisper/recorder/pending/chunk_11_08_2026__14_19_55.mp3 (queue size: 1) 
2026-08-11 14:20:19 [INFO] Worker 2 processing: /Users/raer/Documents/code/ncapi/stuff/sagemaker-whisper/recorder/pending/chunk_11_08_2026__14_19_55.mp3 
2026-08-11 14:20:19 [INFO] Sending transcription request for: /Users/raer/Documents/code/ncapi/stuff/sagemaker-whisper/recorder/pending/chunk_11_08_2026__14_19_55.mp3 
2026-08-11 14:20:20 [INFO] Transcription successful for: /Users/raer/Documents/code/ncapi/stuff/sagemaker-whisper/recorder/pending/chunk_11_08_2026__14_19_55.mp3 
2026-08-11 14:20:20 [INFO] Transcript saved: processed/transcribed/chunk_11_08_2026__14_19_55.txt 
2026-08-11 14:20:20 [INFO] Audio file moved: processed/audio/chunk_11_08_2026__14_19_55.mp3 
2026-08-11 14:20:20 [INFO] Worker 2 completed: /Users/raer/Documents/code/ncapi/stuff/sagemaker-whisper/recorder/pending/chunk_11_08_2026__14_19_55.mp3 
2026-08-11 14:20:26 [INFO] Status - Queue: 0, Workers: [{"id":1,"processed":0,"failed":0,"currentFile":null},{"id":2,"processed":75,"failed":0,"currentFile":null}] 
2026-08-11 14:20:56 [INFO] Status - Queue: 0, Workers: [{"id":1,"processed":0,"failed":0,"currentFile":null},{"id":2,"processed":75,"failed":0,"currentFile":null}] 
2026-08-11 14:21:15 [INFO] New file detected: /Users/raer/Documents/code/ncapi/stuff/sagemaker-whisper/recorder/pending/chunk_11_08_2026__14_20_55.mp3 
2026-08-11 14:21:15 [INFO] File ready for transcription: /Users/raer/Documents/code/ncapi/stuff/sagemaker-whisper/recorder/pending/chunk_11_08_2026__14_20_55.mp3 
2026-08-11 14:21:15 [INFO] Enqueued: /Users/raer/Documents/code/ncapi/stuff/sagemaker-whisper/recorder/pending/chunk_11_08_2026__14_20_55.mp3 (queue size: 1) 
2026-08-11 14:21:15 [INFO] Worker 2 processing: /Users/raer/Documents/code/ncapi/stuff/sagemaker-whisper/recorder/pending/chunk_11_08_2026__14_20_55.mp3 
2026-08-11 14:21:15 [INFO] Sending transcription request for: /Users/raer/Documents/code/ncapi/stuff/sagemaker-whisper/recorder/pending/chunk_11_08_2026__14_20_55.mp3 
2026-08-11 14:21:16 [INFO] Transcription successful for: /Users/raer/Documents/code/ncapi/stuff/sagemaker-whisper/recorder/pending/chunk_11_08_2026__14_20_55.mp3 
2026-08-11 14:21:16 [INFO] Transcript saved: processed/transcribed/chunk_11_08_2026__14_20_55.txt 
2026-08-11 14:21:16 [INFO] Audio file moved: processed/audio/chunk_11_08_2026__14_20_55.mp3 
2026-08-11 14:21:16 [INFO] Worker 2 completed: /Users/raer/Documents/code/ncapi/stuff/sagemaker-whisper/recorder/pending/chunk_11_08_2026__14_20_55.mp3 
2026-08-11 14:21:26 [INFO] Status - Queue: 0, Workers: [{"id":1,"processed":0,"failed":0,"currentFile":null},{"id":2,"processed":76,"failed":0,"currentFile":null}] 
2026-08-11 14:21:56 [INFO] Status - Queue: 0, Workers: [{"id":1,"processed":0,"failed":0,"currentFile":null},{"id":2,"processed":76,"failed":0,"currentFile":null}] 
2026-08-11 14:22:14 [INFO] New file detected: /Users/raer/Documents/code/ncapi/stuff/sagemaker-whisper/recorder/pending/chunk_11_08_2026__14_21_55.mp3 
2026-08-11 14:22:14 [INFO] File ready for transcription: /Users/raer/Documents/code/ncapi/stuff/sagemaker-whisper/recorder/pending/chunk_11_08_2026__14_21_55.mp3 
2026-08-11 14:22:14 [INFO] Enqueued: /Users/raer/Documents/code/ncapi/stuff/sagemaker-whisper/recorder/pending/chunk_11_08_2026__14_21_55.mp3 (queue size: 1) 
2026-08-11 14:22:14 [INFO] Worker 2 processing: /Users/raer/Documents/code/ncapi/stuff/sagemaker-whisper/recorder/pending/chunk_11_08_2026__14_21_55.mp3 
2026-08-11 14:22:14 [INFO] Sending transcription request for: /Users/raer/Documents/code/ncapi/stuff/sagemaker-whisper/recorder/pending/chunk_11_08_2026__14_21_55.mp3 
2026-08-11 14:22:15 [INFO] Transcription successful for: /Users/raer/Documents/code/ncapi/stuff/sagemaker-whisper/recorder/pending/chunk_11_08_2026__14_21_55.mp3 
2026-08-11 14:22:15 [INFO] Transcript saved: processed/transcribed/chunk_11_08_2026__14_21_55.txt 
2026-08-11 14:22:15 [INFO] Audio file moved: processed/audio/chunk_11_08_2026__14_21_55.mp3 
2026-08-11 14:22:15 [INFO] Worker 2 completed: /Users/raer/Documents/code/ncapi/stuff/sagemaker-whisper/recorder/pending/chunk_11_08_2026__14_21_55.mp3 
2026-08-11 14:22:26 [INFO] Status - Queue: 0, Workers: [{"id":1,"processed":0,"failed":0,"currentFile":null},{"id":2,"processed":77,"failed":0,"currentFile":null}] 
2026-08-11 14:22:56 [INFO] Status - Queue: 0, Workers: [{"id":1,"processed":0,"failed":0,"currentFile":null},{"id":2,"processed":77,"failed":0,"currentFile":null}] 
2026-08-11 14:23:16 [INFO] New file detected: /Users/raer/Documents/code/ncapi/stuff/sagemaker-whisper/recorder/pending/chunk_11_08_2026__14_22_55.mp3 
2026-08-11 14:23:16 [INFO] File ready for transcription: /Users/raer/Documents/code/ncapi/stuff/sagemaker-whisper/recorder/pending/chunk_11_08_2026__14_22_55.mp3 
2026-08-11 14:23:16 [INFO] Enqueued: /Users/raer/Documents/code/ncapi/stuff/sagemaker-whisper/recorder/pending/chunk_11_08_2026__14_22_55.mp3 (queue size: 1) 
2026-08-11 14:23:16 [INFO] Worker 2 processing: /Users/raer/Documents/code/ncapi/stuff/sagemaker-whisper/recorder/pending/chunk_11_08_2026__14_22_55.mp3 
2026-08-11 14:23:16 [INFO] Sending transcription request for: /Users/raer/Documents/code/ncapi/stuff/sagemaker-whisper/recorder/pending/chunk_11_08_2026__14_22_55.mp3 
2026-08-11 14:23:17 [INFO] Transcription successful for: /Users/raer/Documents/code/ncapi/stuff/sagemaker-whisper/recorder/pending/chunk_11_08_2026__14_22_55.mp3 
2026-08-11 14:23:17 [INFO] Transcript saved: processed/transcribed/chunk_11_08_2026__14_22_55.txt 
2026-08-11 14:23:17 [INFO] Audio file moved: processed/audio/chunk_11_08_2026__14_22_55.mp3 
2026-08-11 14:23:17 [INFO] Worker 2 completed: /Users/raer/Documents/code/ncapi/stuff/sagemaker-whisper/recorder/pending/chunk_11_08_2026__14_22_55.mp3 
2026-08-11 14:23:26 [INFO] Status - Queue: 0, Workers: [{"id":1,"processed":0,"failed":0,"currentFile":null},{"id":2,"processed":78,"failed":0,"currentFile":null}] 
2026-08-11 14:23:56 [INFO] Status - Queue: 0, Workers: [{"id":1,"processed":0,"failed":0,"currentFile":null},{"id":2,"processed":78,"failed":0,"currentFile":null}] 
2026-08-11 14:24:15 [INFO] New file detected: /Users/raer/Documents/code/ncapi/stuff/sagemaker-whisper/recorder/pending/chunk_11_08_2026__14_23_55.mp3 
2026-08-11 14:24:15 [INFO] File ready for transcription: /Users/raer/Documents/code/ncapi/stuff/sagemaker-whisper/recorder/pending/chunk_11_08_2026__14_23_55.mp3 
2026-08-11 14:24:15 [INFO] Enqueued: /Users/raer/Documents/code/ncapi/stuff/sagemaker-whisper/recorder/pending/chunk_11_08_2026__14_23_55.mp3 (queue size: 1) 
2026-08-11 14:24:15 [INFO] Worker 2 processing: /Users/raer/Documents/code/ncapi/stuff/sagemaker-whisper/recorder/pending/chunk_11_08_2026__14_23_55.mp3 
2026-08-11 14:24:15 [INFO] Sending transcription request for: /Users/raer/Documents/code/ncapi/stuff/sagemaker-whisper/recorder/pending/chunk_11_08_2026__14_23_55.mp3 
2026-08-11 14:24:16 [INFO] Transcription successful for: /Users/raer/Documents/code/ncapi/stuff/sagemaker-whisper/recorder/pending/chunk_11_08_2026__14_23_55.mp3 
2026-08-11 14:24:16 [INFO] Transcript saved: processed/transcribed/chunk_11_08_2026__14_23_55.txt 
2026-08-11 14:24:16 [INFO] Audio file moved: processed/audio/chunk_11_08_2026__14_23_55.mp3 
2026-08-11 14:24:16 [INFO] Worker 2 completed: /Users/raer/Documents/code/ncapi/stuff/sagemaker-whisper/recorder/pending/chunk_11_08_2026__14_23_55.mp3 
2026-08-11 14:24:26 [INFO] Status - Queue: 0, Workers: [{"id":1,"processed":0,"failed":0,"currentFile":null},{"id":2,"processed":79,"failed":0,"currentFile":null}] 
2026-08-11 14:24:56 [INFO] Status - Queue: 0, Workers: [{"id":1,"processed":0,"failed":0,"currentFile":null},{"id":2,"processed":79,"failed":0,"currentFile":null}] 
2026-08-11 14:25:14 [INFO] New file detected: /Users/raer/Documents/code/ncapi/stuff/sagemaker-whisper/recorder/pending/chunk_11_08_2026__14_24_55.mp3 
2026-08-11 14:25:15 [INFO] File ready for transcription: /Users/raer/Documents/code/ncapi/stuff/sagemaker-whisper/recorder/pending/chunk_11_08_2026__14_24_55.mp3 
2026-08-11 14:25:15 [INFO] Enqueued: /Users/raer/Documents/code/ncapi/stuff/sagemaker-whisper/recorder/pending/chunk_11_08_2026__14_24_55.mp3 (queue size: 1) 
2026-08-11 14:25:15 [INFO] Worker 2 processing: /Users/raer/Documents/code/ncapi/stuff/sagemaker-whisper/recorder/pending/chunk_11_08_2026__14_24_55.mp3 
2026-08-11 14:25:15 [INFO] Sending transcription request for: /Users/raer/Documents/code/ncapi/stuff/sagemaker-whisper/recorder/pending/chunk_11_08_2026__14_24_55.mp3 
2026-08-11 14:25:15 [INFO] Transcription successful for: /Users/raer/Documents/code/ncapi/stuff/sagemaker-whisper/recorder/pending/chunk_11_08_2026__14_24_55.mp3 
2026-08-11 14:25:15 [INFO] Transcript saved: processed/transcribed/chunk_11_08_2026__14_24_55.txt 
2026-08-11 14:25:15 [INFO] Audio file moved: processed/audio/chunk_11_08_2026__14_24_55.mp3 
2026-08-11 14:25:15 [INFO] Worker 2 completed: /Users/raer/Documents/code/ncapi/stuff/sagemaker-whisper/recorder/pending/chunk_11_08_2026__14_24_55.mp3 
2026-08-11 14:25:26 [INFO] Status - Queue: 0, Workers: [{"id":1,"processed":0,"failed":0,"currentFile":null},{"id":2,"processed":80,"failed":0,"currentFile":null}] 
2026-08-11 14:25:56 [INFO] Status - Queue: 0, Workers: [{"id":1,"processed":0,"failed":0,"currentFile":null},{"id":2,"processed":80,"failed":0,"currentFile":null}] 
2026-08-11 14:26:14 [INFO] New file detected: /Users/raer/Documents/code/ncapi/stuff/sagemaker-whisper/recorder/pending/chunk_11_08_2026__14_25_55.mp3 
2026-08-11 14:26:14 [INFO] File ready for transcription: /Users/raer/Documents/code/ncapi/stuff/sagemaker-whisper/recorder/pending/chunk_11_08_2026__14_25_55.mp3 
2026-08-11 14:26:14 [INFO] Enqueued: /Users/raer/Documents/code/ncapi/stuff/sagemaker-whisper/recorder/pending/chunk_11_08_2026__14_25_55.mp3 (queue size: 1) 
2026-08-11 14:26:14 [INFO] Worker 2 processing: /Users/raer/Documents/code/ncapi/stuff/sagemaker-whisper/recorder/pending/chunk_11_08_2026__14_25_55.mp3 
2026-08-11 14:26:14 [INFO] Sending transcription request for: /Users/raer/Documents/code/ncapi/stuff/sagemaker-whisper/recorder/pending/chunk_11_08_2026__14_25_55.mp3 
2026-08-11 14:26:15 [INFO] Transcription successful for: /Users/raer/Documents/code/ncapi/stuff/sagemaker-whisper/recorder/pending/chunk_11_08_2026__14_25_55.mp3 
2026-08-11 14:26:15 [INFO] Transcript saved: processed/transcribed/chunk_11_08_2026__14_25_55.txt 
2026-08-11 14:26:15 [INFO] Audio file moved: processed/audio/chunk_11_08_2026__14_25_55.mp3 
2026-08-11 14:26:15 [INFO] Worker 2 completed: /Users/raer/Documents/code/ncapi/stuff/sagemaker-whisper/recorder/pending/chunk_11_08_2026__14_25_55.mp3 
2026-08-11 14:26:26 [INFO] Status - Queue: 0, Workers: [{"id":1,"processed":0,"failed":0,"currentFile":null},{"id":2,"processed":81,"failed":0,"currentFile":null}] 
2026-08-11 14:26:56 [INFO] Status - Queue: 0, Workers: [{"id":1,"processed":0,"failed":0,"currentFile":null},{"id":2,"processed":81,"failed":0,"currentFile":null}] 
2026-08-11 14:27:16 [INFO] New file detected: /Users/raer/Documents/code/ncapi/stuff/sagemaker-whisper/recorder/pending/chunk_11_08_2026__14_26_54.mp3 
2026-08-11 14:27:16 [INFO] File ready for transcription: /Users/raer/Documents/code/ncapi/stuff/sagemaker-whisper/recorder/pending/chunk_11_08_2026__14_26_54.mp3 
2026-08-11 14:27:16 [INFO] Enqueued: /Users/raer/Documents/code/ncapi/stuff/sagemaker-whisper/recorder/pending/chunk_11_08_2026__14_26_54.mp3 (queue size: 1) 
2026-08-11 14:27:16 [INFO] Worker 2 processing: /Users/raer/Documents/code/ncapi/stuff/sagemaker-whisper/recorder/pending/chunk_11_08_2026__14_26_54.mp3 
2026-08-11 14:27:16 [INFO] Sending transcription request for: /Users/raer/Documents/code/ncapi/stuff/sagemaker-whisper/recorder/pending/chunk_11_08_2026__14_26_54.mp3 
2026-08-11 14:27:17 [INFO] Transcription successful for: /Users/raer/Documents/code/ncapi/stuff/sagemaker-whisper/recorder/pending/chunk_11_08_2026__14_26_54.mp3 
2026-08-11 14:27:17 [INFO] Transcript saved: processed/transcribed/chunk_11_08_2026__14_26_54.txt 
2026-08-11 14:27:17 [INFO] Audio file moved: processed/audio/chunk_11_08_2026__14_26_54.mp3 
2026-08-11 14:27:17 [INFO] Worker 2 completed: /Users/raer/Documents/code/ncapi/stuff/sagemaker-whisper/recorder/pending/chunk_11_08_2026__14_26_54.mp3 
2026-08-11 14:27:26 [INFO] Status - Queue: 0, Workers: [{"id":1,"processed":0,"failed":0,"currentFile":null},{"id":2,"processed":82,"failed":0,"currentFile":null}] 
2026-08-11 14:27:56 [INFO] Status - Queue: 0, Workers: [{"id":1,"processed":0,"failed":0,"currentFile":null},{"id":2,"processed":82,"failed":0,"currentFile":null}] 
2026-08-11 14:28:15 [INFO] New file detected: /Users/raer/Documents/code/ncapi/stuff/sagemaker-whisper/recorder/pending/chunk_11_08_2026__14_27_55.mp3 
2026-08-11 14:28:15 [INFO] File ready for transcription: /Users/raer/Documents/code/ncapi/stuff/sagemaker-whisper/recorder/pending/chunk_11_08_2026__14_27_55.mp3 
2026-08-11 14:28:15 [INFO] Enqueued: /Users/raer/Documents/code/ncapi/stuff/sagemaker-whisper/recorder/pending/chunk_11_08_2026__14_27_55.mp3 (queue size: 1) 
2026-08-11 14:28:15 [INFO] Worker 2 processing: /Users/raer/Documents/code/ncapi/stuff/sagemaker-whisper/recorder/pending/chunk_11_08_2026__14_27_55.mp3 
2026-08-11 14:28:15 [INFO] Sending transcription request for: /Users/raer/Documents/code/ncapi/stuff/sagemaker-whisper/recorder/pending/chunk_11_08_2026__14_27_55.mp3 
2026-08-11 14:28:16 [INFO] Transcription successful for: /Users/raer/Documents/code/ncapi/stuff/sagemaker-whisper/recorder/pending/chunk_11_08_2026__14_27_55.mp3 
2026-08-11 14:28:16 [INFO] Transcript saved: processed/transcribed/chunk_11_08_2026__14_27_55.txt 
2026-08-11 14:28:16 [INFO] Audio file moved: processed/audio/chunk_11_08_2026__14_27_55.mp3 
2026-08-11 14:28:16 [INFO] Worker 2 completed: /Users/raer/Documents/code/ncapi/stuff/sagemaker-whisper/recorder/pending/chunk_11_08_2026__14_27_55.mp3 
2026-08-11 14:28:26 [INFO] Status - Queue: 0, Workers: [{"id":1,"processed":0,"failed":0,"currentFile":null},{"id":2,"processed":83,"failed":0,"currentFile":null}] 
2026-08-11 14:28:56 [INFO] Status - Queue: 0, Workers: [{"id":1,"processed":0,"failed":0,"currentFile":null},{"id":2,"processed":83,"failed":0,"currentFile":null}] 
2026-08-11 14:29:15 [INFO] New file detected: /Users/raer/Documents/code/ncapi/stuff/sagemaker-whisper/recorder/pending/chunk_11_08_2026__14_28_55.mp3 
2026-08-11 14:29:15 [INFO] File ready for transcription: /Users/raer/Documents/code/ncapi/stuff/sagemaker-whisper/recorder/pending/chunk_11_08_2026__14_28_55.mp3 
2026-08-11 14:29:15 [INFO] Enqueued: /Users/raer/Documents/code/ncapi/stuff/sagemaker-whisper/recorder/pending/chunk_11_08_2026__14_28_55.mp3 (queue size: 1) 
2026-08-11 14:29:15 [INFO] Worker 2 processing: /Users/raer/Documents/code/ncapi/stuff/sagemaker-whisper/recorder/pending/chunk_11_08_2026__14_28_55.mp3 
2026-08-11 14:29:15 [INFO] Sending transcription request for: /Users/raer/Documents/code/ncapi/stuff/sagemaker-whisper/recorder/pending/chunk_11_08_2026__14_28_55.mp3 
2026-08-11 14:29:16 [INFO] Transcription successful for: /Users/raer/Documents/code/ncapi/stuff/sagemaker-whisper/recorder/pending/chunk_11_08_2026__14_28_55.mp3 
2026-08-11 14:29:16 [INFO] Transcript saved: processed/transcribed/chunk_11_08_2026__14_28_55.txt 
2026-08-11 14:29:16 [INFO] Audio file moved: processed/audio/chunk_11_08_2026__14_28_55.mp3 
2026-08-11 14:29:16 [INFO] Worker 2 completed: /Users/raer/Documents/code/ncapi/stuff/sagemaker-whisper/recorder/pending/chunk_11_08_2026__14_28_55.mp3 
2026-08-11 14:29:26 [INFO] Status - Queue: 0, Workers: [{"id":1,"processed":0,"failed":0,"currentFile":null},{"id":2,"processed":84,"failed":0,"currentFile":null}] 
2026-08-11 14:29:56 [INFO] Status - Queue: 0, Workers: [{"id":1,"processed":0,"failed":0,"currentFile":null},{"id":2,"processed":84,"failed":0,"currentFile":null}] 
2026-08-11 14:30:17 [INFO] New file detected: /Users/raer/Documents/code/ncapi/stuff/sagemaker-whisper/recorder/pending/chunk_11_08_2026__14_29_55.mp3 
2026-08-11 14:30:18 [INFO] File ready for transcription: /Users/raer/Documents/code/ncapi/stuff/sagemaker-whisper/recorder/pending/chunk_11_08_2026__14_29_55.mp3 
2026-08-11 14:30:18 [INFO] Enqueued: /Users/raer/Documents/code/ncapi/stuff/sagemaker-whisper/recorder/pending/chunk_11_08_2026__14_29_55.mp3 (queue size: 1) 
2026-08-11 14:30:18 [INFO] Worker 2 processing: /Users/raer/Documents/code/ncapi/stuff/sagemaker-whisper/recorder/pending/chunk_11_08_2026__14_29_55.mp3 
2026-08-11 14:30:18 [INFO] Sending transcription request for: /Users/raer/Documents/code/ncapi/stuff/sagemaker-whisper/recorder/pending/chunk_11_08_2026__14_29_55.mp3 
2026-08-11 14:30:18 [INFO] Transcription successful for: /Users/raer/Documents/code/ncapi/stuff/sagemaker-whisper/recorder/pending/chunk_11_08_2026__14_29_55.mp3 
2026-08-11 14:30:18 [INFO] Transcript saved: processed/transcribed/chunk_11_08_2026__14_29_55.txt 
2026-08-11 14:30:18 [INFO] Audio file moved: processed/audio/chunk_11_08_2026__14_29_55.mp3 
2026-08-11 14:30:18 [INFO] Worker 2 completed: /Users/raer/Documents/code/ncapi/stuff/sagemaker-whisper/recorder/pending/chunk_11_08_2026__14_29_55.mp3 
2026-08-11 14:30:26 [INFO] Status - Queue: 0, Workers: [{"id":1,"processed":0,"failed":0,"currentFile":null},{"id":2,"processed":85,"failed":0,"currentFile":null}] 
2026-08-11 14:30:56 [INFO] Status - Queue: 0, Workers: [{"id":1,"processed":0,"failed":0,"currentFile":null},{"id":2,"processed":85,"failed":0,"currentFile":null}] 
2026-08-11 14:31:14 [INFO] New file detected: /Users/raer/Documents/code/ncapi/stuff/sagemaker-whisper/recorder/pending/chunk_11_08_2026__14_30_55.mp3 
2026-08-11 14:31:14 [INFO] File ready for transcription: /Users/raer/Documents/code/ncapi/stuff/sagemaker-whisper/recorder/pending/chunk_11_08_2026__14_30_55.mp3 
2026-08-11 14:31:14 [INFO] Enqueued: /Users/raer/Documents/code/ncapi/stuff/sagemaker-whisper/recorder/pending/chunk_11_08_2026__14_30_55.mp3 (queue size: 1) 
2026-08-11 14:31:14 [INFO] Worker 2 processing: /Users/raer/Documents/code/ncapi/stuff/sagemaker-whisper/recorder/pending/chunk_11_08_2026__14_30_55.mp3 
2026-08-11 14:31:14 [INFO] Sending transcription request for: /Users/raer/Documents/code/ncapi/stuff/sagemaker-whisper/recorder/pending/chunk_11_08_2026__14_30_55.mp3 
2026-08-11 14:31:15 [INFO] Transcription successful for: /Users/raer/Documents/code/ncapi/stuff/sagemaker-whisper/recorder/pending/chunk_11_08_2026__14_30_55.mp3 
2026-08-11 14:31:15 [INFO] Transcript saved: processed/transcribed/chunk_11_08_2026__14_30_55.txt 
2026-08-11 14:31:15 [INFO] Audio file moved: processed/audio/chunk_11_08_2026__14_30_55.mp3 
2026-08-11 14:31:15 [INFO] Worker 2 completed: /Users/raer/Documents/code/ncapi/stuff/sagemaker-whisper/recorder/pending/chunk_11_08_2026__14_30_55.mp3 
2026-08-11 14:31:26 [INFO] Status - Queue: 0, Workers: [{"id":1,"processed":0,"failed":0,"currentFile":null},{"id":2,"processed":86,"failed":0,"currentFile":null}] 
2026-08-11 14:31:56 [INFO] Status - Queue: 0, Workers: [{"id":1,"processed":0,"failed":0,"currentFile":null},{"id":2,"processed":86,"failed":0,"currentFile":null}] 
2026-08-11 14:32:13 [INFO] New file detected: /Users/raer/Documents/code/ncapi/stuff/sagemaker-whisper/recorder/pending/chunk_11_08_2026__14_31_55.mp3 
2026-08-11 14:32:13 [INFO] File ready for transcription: /Users/raer/Documents/code/ncapi/stuff/sagemaker-whisper/recorder/pending/chunk_11_08_2026__14_31_55.mp3 
2026-08-11 14:32:13 [INFO] Enqueued: /Users/raer/Documents/code/ncapi/stuff/sagemaker-whisper/recorder/pending/chunk_11_08_2026__14_31_55.mp3 (queue size: 1) 
2026-08-11 14:32:13 [INFO] Worker 2 processing: /Users/raer/Documents/code/ncapi/stuff/sagemaker-whisper/recorder/pending/chunk_11_08_2026__14_31_55.mp3 
2026-08-11 14:32:13 [INFO] Sending transcription request for: /Users/raer/Documents/code/ncapi/stuff/sagemaker-whisper/recorder/pending/chunk_11_08_2026__14_31_55.mp3 
2026-08-11 14:32:14 [INFO] Transcription successful for: /Users/raer/Documents/code/ncapi/stuff/sagemaker-whisper/recorder/pending/chunk_11_08_2026__14_31_55.mp3 
2026-08-11 14:32:14 [INFO] Transcript saved: processed/transcribed/chunk_11_08_2026__14_31_55.txt 
2026-08-11 14:32:14 [INFO] Audio file moved: processed/audio/chunk_11_08_2026__14_31_55.mp3 
2026-08-11 14:32:14 [INFO] Worker 2 completed: /Users/raer/Documents/code/ncapi/stuff/sagemaker-whisper/recorder/pending/chunk_11_08_2026__14_31_55.mp3 
2026-08-11 14:32:26 [INFO] Status - Queue: 0, Workers: [{"id":1,"processed":0,"failed":0,"currentFile":null},{"id":2,"processed":87,"failed":0,"currentFile":null}] 
2026-08-11 14:32:56 [INFO] Status - Queue: 0, Workers: [{"id":1,"processed":0,"failed":0,"currentFile":null},{"id":2,"processed":87,"failed":0,"currentFile":null}] 
2026-08-11 14:33:16 [INFO] New file detected: /Users/raer/Documents/code/ncapi/stuff/sagemaker-whisper/recorder/pending/chunk_11_08_2026__14_32_55.mp3 
2026-08-11 14:33:16 [INFO] File ready for transcription: /Users/raer/Documents/code/ncapi/stuff/sagemaker-whisper/recorder/pending/chunk_11_08_2026__14_32_55.mp3 
2026-08-11 14:33:16 [INFO] Enqueued: /Users/raer/Documents/code/ncapi/stuff/sagemaker-whisper/recorder/pending/chunk_11_08_2026__14_32_55.mp3 (queue size: 1) 
2026-08-11 14:33:16 [INFO] Worker 2 processing: /Users/raer/Documents/code/ncapi/stuff/sagemaker-whisper/recorder/pending/chunk_11_08_2026__14_32_55.mp3 
2026-08-11 14:33:16 [INFO] Sending transcription request for: /Users/raer/Documents/code/ncapi/stuff/sagemaker-whisper/recorder/pending/chunk_11_08_2026__14_32_55.mp3 
2026-08-11 14:33:17 [INFO] Transcription successful for: /Users/raer/Documents/code/ncapi/stuff/sagemaker-whisper/recorder/pending/chunk_11_08_2026__14_32_55.mp3 
2026-08-11 14:33:17 [INFO] Transcript saved: processed/transcribed/chunk_11_08_2026__14_32_55.txt 
2026-08-11 14:33:17 [INFO] Audio file moved: processed/audio/chunk_11_08_2026__14_32_55.mp3 
2026-08-11 14:33:17 [INFO] Worker 2 completed: /Users/raer/Documents/code/ncapi/stuff/sagemaker-whisper/recorder/pending/chunk_11_08_2026__14_32_55.mp3 
2026-08-11 14:33:26 [INFO] Status - Queue: 0, Workers: [{"id":1,"processed":0,"failed":0,"currentFile":null},{"id":2,"processed":88,"failed":0,"currentFile":null}] 
2026-08-11 14:33:56 [INFO] Status - Queue: 0, Workers: [{"id":1,"processed":0,"failed":0,"currentFile":null},{"id":2,"processed":88,"failed":0,"currentFile":null}] 
2026-08-11 14:34:12 [INFO] New file detected: /Users/raer/Documents/code/ncapi/stuff/sagemaker-whisper/recorder/pending/chunk_11_08_2026__14_33_54.mp3 
2026-08-11 14:34:12 [INFO] File ready for transcription: /Users/raer/Documents/code/ncapi/stuff/sagemaker-whisper/recorder/pending/chunk_11_08_2026__14_33_54.mp3 
2026-08-11 14:34:12 [INFO] Enqueued: /Users/raer/Documents/code/ncapi/stuff/sagemaker-whisper/recorder/pending/chunk_11_08_2026__14_33_54.mp3 (queue size: 1) 
2026-08-11 14:34:12 [INFO] Worker 2 processing: /Users/raer/Documents/code/ncapi/stuff/sagemaker-whisper/recorder/pending/chunk_11_08_2026__14_33_54.mp3 
2026-08-11 14:34:12 [INFO] Sending transcription request for: /Users/raer/Documents/code/ncapi/stuff/sagemaker-whisper/recorder/pending/chunk_11_08_2026__14_33_54.mp3 
2026-08-11 14:34:13 [INFO] Transcription successful for: /Users/raer/Documents/code/ncapi/stuff/sagemaker-whisper/recorder/pending/chunk_11_08_2026__14_33_54.mp3 
2026-08-11 14:34:13 [INFO] Transcript saved: processed/transcribed/chunk_11_08_2026__14_33_54.txt 
2026-08-11 14:34:13 [INFO] Audio file moved: processed/audio/chunk_11_08_2026__14_33_54.mp3 
2026-08-11 14:34:13 [INFO] Worker 2 completed: /Users/raer/Documents/code/ncapi/stuff/sagemaker-whisper/recorder/pending/chunk_11_08_2026__14_33_54.mp3 
2026-08-11 14:34:26 [INFO] Status - Queue: 0, Workers: [{"id":1,"processed":0,"failed":0,"currentFile":null},{"id":2,"processed":89,"failed":0,"currentFile":null}] 
2026-08-11 14:34:56 [INFO] Status - Queue: 0, Workers: [{"id":1,"processed":0,"failed":0,"currentFile":null},{"id":2,"processed":89,"failed":0,"currentFile":null}] 
2026-08-11 14:35:12 [INFO] New file detected: /Users/raer/Documents/code/ncapi/stuff/sagemaker-whisper/recorder/pending/chunk_11_08_2026__14_34_54.mp3 
2026-08-11 14:35:12 [INFO] File ready for transcription: /Users/raer/Documents/code/ncapi/stuff/sagemaker-whisper/recorder/pending/chunk_11_08_2026__14_34_54.mp3 
2026-08-11 14:35:12 [INFO] Enqueued: /Users/raer/Documents/code/ncapi/stuff/sagemaker-whisper/recorder/pending/chunk_11_08_2026__14_34_54.mp3 (queue size: 1) 
2026-08-11 14:35:12 [INFO] Worker 2 processing: /Users/raer/Documents/code/ncapi/stuff/sagemaker-whisper/recorder/pending/chunk_11_08_2026__14_34_54.mp3 
2026-08-11 14:35:12 [INFO] Sending transcription request for: /Users/raer/Documents/code/ncapi/stuff/sagemaker-whisper/recorder/pending/chunk_11_08_2026__14_34_54.mp3 
2026-08-11 14:35:13 [INFO] Transcription successful for: /Users/raer/Documents/code/ncapi/stuff/sagemaker-whisper/recorder/pending/chunk_11_08_2026__14_34_54.mp3 
2026-08-11 14:35:13 [INFO] Transcript saved: processed/transcribed/chunk_11_08_2026__14_34_54.txt 
2026-08-11 14:35:13 [INFO] Audio file moved: processed/audio/chunk_11_08_2026__14_34_54.mp3 
2026-08-11 14:35:13 [INFO] Worker 2 completed: /Users/raer/Documents/code/ncapi/stuff/sagemaker-whisper/recorder/pending/chunk_11_08_2026__14_34_54.mp3 
2026-08-11 14:35:26 [INFO] Status - Queue: 0, Workers: [{"id":1,"processed":0,"failed":0,"currentFile":null},{"id":2,"processed":90,"failed":0,"currentFile":null}] 
2026-08-11 14:35:56 [INFO] Status - Queue: 0, Workers: [{"id":1,"processed":0,"failed":0,"currentFile":null},{"id":2,"processed":90,"failed":0,"currentFile":null}] 
2026-08-11 14:36:13 [INFO] New file detected: /Users/raer/Documents/code/ncapi/stuff/sagemaker-whisper/recorder/pending/chunk_11_08_2026__14_35_54.mp3 
2026-08-11 14:36:13 [INFO] File ready for transcription: /Users/raer/Documents/code/ncapi/stuff/sagemaker-whisper/recorder/pending/chunk_11_08_2026__14_35_54.mp3 
2026-08-11 14:36:13 [INFO] Enqueued: /Users/raer/Documents/code/ncapi/stuff/sagemaker-whisper/recorder/pending/chunk_11_08_2026__14_35_54.mp3 (queue size: 1) 
2026-08-11 14:36:13 [INFO] Worker 2 processing: /Users/raer/Documents/code/ncapi/stuff/sagemaker-whisper/recorder/pending/chunk_11_08_2026__14_35_54.mp3 
2026-08-11 14:36:13 [INFO] Sending transcription request for: /Users/raer/Documents/code/ncapi/stuff/sagemaker-whisper/recorder/pending/chunk_11_08_2026__14_35_54.mp3 
2026-08-11 14:36:14 [INFO] Transcription successful for: /Users/raer/Documents/code/ncapi/stuff/sagemaker-whisper/recorder/pending/chunk_11_08_2026__14_35_54.mp3 
2026-08-11 14:36:14 [INFO] Transcript saved: processed/transcribed/chunk_11_08_2026__14_35_54.txt 
2026-08-11 14:36:14 [INFO] Audio file moved: processed/audio/chunk_11_08_2026__14_35_54.mp3 
2026-08-11 14:36:14 [INFO] Worker 2 completed: /Users/raer/Documents/code/ncapi/stuff/sagemaker-whisper/recorder/pending/chunk_11_08_2026__14_35_54.mp3 
2026-08-11 14:36:26 [INFO] Status - Queue: 0, Workers: [{"id":1,"processed":0,"failed":0,"currentFile":null},{"id":2,"processed":91,"failed":0,"currentFile":null}] 
2026-08-11 14:36:56 [INFO] Status - Queue: 0, Workers: [{"id":1,"processed":0,"failed":0,"currentFile":null},{"id":2,"processed":91,"failed":0,"currentFile":null}] 
2026-08-11 14:37:12 [INFO] New file detected: /Users/raer/Documents/code/ncapi/stuff/sagemaker-whisper/recorder/pending/chunk_11_08_2026__14_36_55.mp3 
2026-08-11 14:37:12 [INFO] File ready for transcription: /Users/raer/Documents/code/ncapi/stuff/sagemaker-whisper/recorder/pending/chunk_11_08_2026__14_36_55.mp3 
2026-08-11 14:37:12 [INFO] Enqueued: /Users/raer/Documents/code/ncapi/stuff/sagemaker-whisper/recorder/pending/chunk_11_08_2026__14_36_55.mp3 (queue size: 1) 
2026-08-11 14:37:12 [INFO] Worker 2 processing: /Users/raer/Documents/code/ncapi/stuff/sagemaker-whisper/recorder/pending/chunk_11_08_2026__14_36_55.mp3 
2026-08-11 14:37:12 [INFO] Sending transcription request for: /Users/raer/Documents/code/ncapi/stuff/sagemaker-whisper/recorder/pending/chunk_11_08_2026__14_36_55.mp3 
2026-08-11 14:37:13 [INFO] Transcription successful for: /Users/raer/Documents/code/ncapi/stuff/sagemaker-whisper/recorder/pending/chunk_11_08_2026__14_36_55.mp3 
2026-08-11 14:37:13 [INFO] Transcript saved: processed/transcribed/chunk_11_08_2026__14_36_55.txt 
2026-08-11 14:37:13 [INFO] Audio file moved: processed/audio/chunk_11_08_2026__14_36_55.mp3 
2026-08-11 14:37:13 [INFO] Worker 2 completed: /Users/raer/Documents/code/ncapi/stuff/sagemaker-whisper/recorder/pending/chunk_11_08_2026__14_36_55.mp3 
2026-08-11 14:37:26 [INFO] Status - Queue: 0, Workers: [{"id":1,"processed":0,"failed":0,"currentFile":null},{"id":2,"processed":92,"failed":0,"currentFile":null}] 
2026-08-11 14:37:38 [INFO] Received SIGINT, shutting down... 
2026-08-11 14:41:22 [INFO] Directories initialized 
2026-08-11 14:41:22 [INFO] Queue initialized with 2 workers 
2026-08-11 14:41:22 [INFO] File watcher started (polling every 500ms): /Users/raer/Documents/code/ncapi/stuff/sagemaker-whisper/recorder/pending 
2026-08-11 14:41:22 [INFO] Transcriber started. Press Ctrl+C to stop. 
2026-08-11 14:41:39 [INFO] New file detected: /Users/raer/Documents/code/ncapi/stuff/sagemaker-whisper/recorder/pending/chunk_11_08_2026__14_41_21.mp3 
2026-08-11 14:41:39 [INFO] File ready for transcription: /Users/raer/Documents/code/ncapi/stuff/sagemaker-whisper/recorder/pending/chunk_11_08_2026__14_41_21.mp3 
2026-08-11 14:41:39 [INFO] Enqueued: /Users/raer/Documents/code/ncapi/stuff/sagemaker-whisper/recorder/pending/chunk_11_08_2026__14_41_21.mp3 (queue size: 1) 
2026-08-11 14:41:39 [INFO] Worker 2 processing: /Users/raer/Documents/code/ncapi/stuff/sagemaker-whisper/recorder/pending/chunk_11_08_2026__14_41_21.mp3 
2026-08-11 14:41:39 [INFO] Sending transcription request for: /Users/raer/Documents/code/ncapi/stuff/sagemaker-whisper/recorder/pending/chunk_11_08_2026__14_41_21.mp3 
2026-08-11 14:41:40 [INFO] Transcription successful for: /Users/raer/Documents/code/ncapi/stuff/sagemaker-whisper/recorder/pending/chunk_11_08_2026__14_41_21.mp3 
2026-08-11 14:41:40 [INFO] Transcript saved: processed/transcribed/chunk_11_08_2026__14_41_21.txt 
2026-08-11 14:41:40 [INFO] Audio file moved: processed/audio/chunk_11_08_2026__14_41_21.mp3 
2026-08-11 14:41:40 [INFO] Worker 2 completed: /Users/raer/Documents/code/ncapi/stuff/sagemaker-whisper/recorder/pending/chunk_11_08_2026__14_41_21.mp3 
2026-08-11 14:41:52 [INFO] Status - Queue: 0, Workers: [{"id":1,"processed":0,"failed":0,"currentFile":null},{"id":2,"processed":1,"failed":0,"currentFile":null}] 
2026-08-11 14:42:22 [INFO] Status - Queue: 0, Workers: [{"id":1,"processed":0,"failed":0,"currentFile":null},{"id":2,"processed":1,"failed":0,"currentFile":null}] 
2026-08-11 14:42:42 [INFO] New file detected: /Users/raer/Documents/code/ncapi/stuff/sagemaker-whisper/recorder/pending/chunk_11_08_2026__14_42_22.mp3 
2026-08-11 14:42:42 [INFO] File ready for transcription: /Users/raer/Documents/code/ncapi/stuff/sagemaker-whisper/recorder/pending/chunk_11_08_2026__14_42_22.mp3 
2026-08-11 14:42:42 [INFO] Enqueued: /Users/raer/Documents/code/ncapi/stuff/sagemaker-whisper/recorder/pending/chunk_11_08_2026__14_42_22.mp3 (queue size: 1) 
2026-08-11 14:42:42 [INFO] Worker 2 processing: /Users/raer/Documents/code/ncapi/stuff/sagemaker-whisper/recorder/pending/chunk_11_08_2026__14_42_22.mp3 
2026-08-11 14:42:42 [INFO] Sending transcription request for: /Users/raer/Documents/code/ncapi/stuff/sagemaker-whisper/recorder/pending/chunk_11_08_2026__14_42_22.mp3 
2026-08-11 14:42:43 [INFO] Transcription successful for: /Users/raer/Documents/code/ncapi/stuff/sagemaker-whisper/recorder/pending/chunk_11_08_2026__14_42_22.mp3 
2026-08-11 14:42:43 [INFO] Transcript saved: processed/transcribed/chunk_11_08_2026__14_42_22.txt 
2026-08-11 14:42:43 [INFO] Audio file moved: processed/audio/chunk_11_08_2026__14_42_22.mp3 
2026-08-11 14:42:43 [INFO] Worker 2 completed: /Users/raer/Documents/code/ncapi/stuff/sagemaker-whisper/recorder/pending/chunk_11_08_2026__14_42_22.mp3 
2026-08-11 14:42:52 [INFO] Status - Queue: 0, Workers: [{"id":1,"processed":0,"failed":0,"currentFile":null},{"id":2,"processed":2,"failed":0,"currentFile":null}] 
2026-08-11 14:43:22 [INFO] Status - Queue: 0, Workers: [{"id":1,"processed":0,"failed":0,"currentFile":null},{"id":2,"processed":2,"failed":0,"currentFile":null}] 
2026-08-11 14:43:42 [INFO] New file detected: /Users/raer/Documents/code/ncapi/stuff/sagemaker-whisper/recorder/pending/chunk_11_08_2026__14_43_22.mp3 
2026-08-11 14:43:42 [INFO] File ready for transcription: /Users/raer/Documents/code/ncapi/stuff/sagemaker-whisper/recorder/pending/chunk_11_08_2026__14_43_22.mp3 
2026-08-11 14:43:42 [INFO] Enqueued: /Users/raer/Documents/code/ncapi/stuff/sagemaker-whisper/recorder/pending/chunk_11_08_2026__14_43_22.mp3 (queue size: 1) 
2026-08-11 14:43:42 [INFO] Worker 2 processing: /Users/raer/Documents/code/ncapi/stuff/sagemaker-whisper/recorder/pending/chunk_11_08_2026__14_43_22.mp3 
2026-08-11 14:43:42 [INFO] Sending transcription request for: /Users/raer/Documents/code/ncapi/stuff/sagemaker-whisper/recorder/pending/chunk_11_08_2026__14_43_22.mp3 
2026-08-11 14:43:43 [INFO] Transcription successful for: /Users/raer/Documents/code/ncapi/stuff/sagemaker-whisper/recorder/pending/chunk_11_08_2026__14_43_22.mp3 
2026-08-11 14:43:43 [INFO] Transcript saved: processed/transcribed/chunk_11_08_2026__14_43_22.txt 
2026-08-11 14:43:43 [INFO] Audio file moved: processed/audio/chunk_11_08_2026__14_43_22.mp3 
2026-08-11 14:43:43 [INFO] Worker 2 completed: /Users/raer/Documents/code/ncapi/stuff/sagemaker-whisper/recorder/pending/chunk_11_08_2026__14_43_22.mp3 
2026-08-11 14:43:52 [INFO] Status - Queue: 0, Workers: [{"id":1,"processed":0,"failed":0,"currentFile":null},{"id":2,"processed":3,"failed":0,"currentFile":null}] 
2026-08-11 14:44:22 [INFO] Status - Queue: 0, Workers: [{"id":1,"processed":0,"failed":0,"currentFile":null},{"id":2,"processed":3,"failed":0,"currentFile":null}] 
2026-08-11 14:44:42 [INFO] New file detected: /Users/raer/Documents/code/ncapi/stuff/sagemaker-whisper/recorder/pending/chunk_11_08_2026__14_44_22.mp3 
2026-08-11 14:44:42 [INFO] File ready for transcription: /Users/raer/Documents/code/ncapi/stuff/sagemaker-whisper/recorder/pending/chunk_11_08_2026__14_44_22.mp3 
2026-08-11 14:44:42 [INFO] Enqueued: /Users/raer/Documents/code/ncapi/stuff/sagemaker-whisper/recorder/pending/chunk_11_08_2026__14_44_22.mp3 (queue size: 1) 
2026-08-11 14:44:42 [INFO] Worker 2 processing: /Users/raer/Documents/code/ncapi/stuff/sagemaker-whisper/recorder/pending/chunk_11_08_2026__14_44_22.mp3 
2026-08-11 14:44:42 [INFO] Sending transcription request for: /Users/raer/Documents/code/ncapi/stuff/sagemaker-whisper/recorder/pending/chunk_11_08_2026__14_44_22.mp3 
2026-08-11 14:44:43 [INFO] Transcription successful for: /Users/raer/Documents/code/ncapi/stuff/sagemaker-whisper/recorder/pending/chunk_11_08_2026__14_44_22.mp3 
2026-08-11 14:44:43 [INFO] Transcript saved: processed/transcribed/chunk_11_08_2026__14_44_22.txt 
2026-08-11 14:44:43 [INFO] Audio file moved: processed/audio/chunk_11_08_2026__14_44_22.mp3 
2026-08-11 14:44:43 [INFO] Worker 2 completed: /Users/raer/Documents/code/ncapi/stuff/sagemaker-whisper/recorder/pending/chunk_11_08_2026__14_44_22.mp3 
2026-08-11 14:44:52 [INFO] Status - Queue: 0, Workers: [{"id":1,"processed":0,"failed":0,"currentFile":null},{"id":2,"processed":4,"failed":0,"currentFile":null}] 
2026-08-11 14:45:22 [INFO] Status - Queue: 0, Workers: [{"id":1,"processed":0,"failed":0,"currentFile":null},{"id":2,"processed":4,"failed":0,"currentFile":null}] 
2026-08-11 14:45:43 [INFO] New file detected: /Users/raer/Documents/code/ncapi/stuff/sagemaker-whisper/recorder/pending/chunk_11_08_2026__14_45_22.mp3 
2026-08-11 14:45:43 [INFO] File ready for transcription: /Users/raer/Documents/code/ncapi/stuff/sagemaker-whisper/recorder/pending/chunk_11_08_2026__14_45_22.mp3 
2026-08-11 14:45:43 [INFO] Enqueued: /Users/raer/Documents/code/ncapi/stuff/sagemaker-whisper/recorder/pending/chunk_11_08_2026__14_45_22.mp3 (queue size: 1) 
2026-08-11 14:45:43 [INFO] Worker 2 processing: /Users/raer/Documents/code/ncapi/stuff/sagemaker-whisper/recorder/pending/chunk_11_08_2026__14_45_22.mp3 
2026-08-11 14:45:43 [INFO] Sending transcription request for: /Users/raer/Documents/code/ncapi/stuff/sagemaker-whisper/recorder/pending/chunk_11_08_2026__14_45_22.mp3 
2026-08-11 14:45:44 [INFO] Transcription successful for: /Users/raer/Documents/code/ncapi/stuff/sagemaker-whisper/recorder/pending/chunk_11_08_2026__14_45_22.mp3 
2026-08-11 14:45:44 [INFO] Transcript saved: processed/transcribed/chunk_11_08_2026__14_45_22.txt 
2026-08-11 14:45:44 [INFO] Audio file moved: processed/audio/chunk_11_08_2026__14_45_22.mp3 
2026-08-11 14:45:44 [INFO] Worker 2 completed: /Users/raer/Documents/code/ncapi/stuff/sagemaker-whisper/recorder/pending/chunk_11_08_2026__14_45_22.mp3 
2026-08-11 14:45:52 [INFO] Status - Queue: 0, Workers: [{"id":1,"processed":0,"failed":0,"currentFile":null},{"id":2,"processed":5,"failed":0,"currentFile":null}] 
2026-08-11 14:46:22 [INFO] Status - Queue: 0, Workers: [{"id":1,"processed":0,"failed":0,"currentFile":null},{"id":2,"processed":5,"failed":0,"currentFile":null}] 
2026-08-11 14:46:40 [INFO] New file detected: /Users/raer/Documents/code/ncapi/stuff/sagemaker-whisper/recorder/pending/chunk_11_08_2026__14_46_22.mp3 
2026-08-11 14:46:40 [INFO] File ready for transcription: /Users/raer/Documents/code/ncapi/stuff/sagemaker-whisper/recorder/pending/chunk_11_08_2026__14_46_22.mp3 
2026-08-11 14:46:40 [INFO] Enqueued: /Users/raer/Documents/code/ncapi/stuff/sagemaker-whisper/recorder/pending/chunk_11_08_2026__14_46_22.mp3 (queue size: 1) 
2026-08-11 14:46:40 [INFO] Worker 2 processing: /Users/raer/Documents/code/ncapi/stuff/sagemaker-whisper/recorder/pending/chunk_11_08_2026__14_46_22.mp3 
2026-08-11 14:46:40 [INFO] Sending transcription request for: /Users/raer/Documents/code/ncapi/stuff/sagemaker-whisper/recorder/pending/chunk_11_08_2026__14_46_22.mp3 
2026-08-11 14:46:41 [INFO] Transcription successful for: /Users/raer/Documents/code/ncapi/stuff/sagemaker-whisper/recorder/pending/chunk_11_08_2026__14_46_22.mp3 
2026-08-11 14:46:41 [INFO] Transcript saved: processed/transcribed/chunk_11_08_2026__14_46_22.txt 
2026-08-11 14:46:41 [INFO] Audio file moved: processed/audio/chunk_11_08_2026__14_46_22.mp3 
2026-08-11 14:46:41 [INFO] Worker 2 completed: /Users/raer/Documents/code/ncapi/stuff/sagemaker-whisper/recorder/pending/chunk_11_08_2026__14_46_22.mp3 
2026-08-11 14:46:52 [INFO] Status - Queue: 0, Workers: [{"id":1,"processed":0,"failed":0,"currentFile":null},{"id":2,"processed":6,"failed":0,"currentFile":null}] 
2026-08-11 14:47:22 [INFO] Status - Queue: 0, Workers: [{"id":1,"processed":0,"failed":0,"currentFile":null},{"id":2,"processed":6,"failed":0,"currentFile":null}] 
2026-08-11 14:47:41 [INFO] New file detected: /Users/raer/Documents/code/ncapi/stuff/sagemaker-whisper/recorder/pending/chunk_11_08_2026__14_47_22.mp3 
2026-08-11 14:47:41 [INFO] File ready for transcription: /Users/raer/Documents/code/ncapi/stuff/sagemaker-whisper/recorder/pending/chunk_11_08_2026__14_47_22.mp3 
2026-08-11 14:47:41 [INFO] Enqueued: /Users/raer/Documents/code/ncapi/stuff/sagemaker-whisper/recorder/pending/chunk_11_08_2026__14_47_22.mp3 (queue size: 1) 
2026-08-11 14:47:41 [INFO] Worker 2 processing: /Users/raer/Documents/code/ncapi/stuff/sagemaker-whisper/recorder/pending/chunk_11_08_2026__14_47_22.mp3 
2026-08-11 14:47:41 [INFO] Sending transcription request for: /Users/raer/Documents/code/ncapi/stuff/sagemaker-whisper/recorder/pending/chunk_11_08_2026__14_47_22.mp3 
2026-08-11 14:47:42 [INFO] Transcription successful for: /Users/raer/Documents/code/ncapi/stuff/sagemaker-whisper/recorder/pending/chunk_11_08_2026__14_47_22.mp3 
2026-08-11 14:47:42 [INFO] Transcript saved: processed/transcribed/chunk_11_08_2026__14_47_22.txt 
2026-08-11 14:47:42 [INFO] Audio file moved: processed/audio/chunk_11_08_2026__14_47_22.mp3 
2026-08-11 14:47:42 [INFO] Worker 2 completed: /Users/raer/Documents/code/ncapi/stuff/sagemaker-whisper/recorder/pending/chunk_11_08_2026__14_47_22.mp3 
2026-08-11 14:47:52 [INFO] Status - Queue: 0, Workers: [{"id":1,"processed":0,"failed":0,"currentFile":null},{"id":2,"processed":7,"failed":0,"currentFile":null}] 
2026-08-11 14:48:22 [INFO] Status - Queue: 0, Workers: [{"id":1,"processed":0,"failed":0,"currentFile":null},{"id":2,"processed":7,"failed":0,"currentFile":null}] 
2026-08-11 14:48:44 [INFO] New file detected: /Users/raer/Documents/code/ncapi/stuff/sagemaker-whisper/recorder/pending/chunk_11_08_2026__14_48_22.mp3 
2026-08-11 14:48:45 [INFO] File ready for transcription: /Users/raer/Documents/code/ncapi/stuff/sagemaker-whisper/recorder/pending/chunk_11_08_2026__14_48_22.mp3 
2026-08-11 14:48:45 [INFO] Enqueued: /Users/raer/Documents/code/ncapi/stuff/sagemaker-whisper/recorder/pending/chunk_11_08_2026__14_48_22.mp3 (queue size: 1) 
2026-08-11 14:48:45 [INFO] Worker 2 processing: /Users/raer/Documents/code/ncapi/stuff/sagemaker-whisper/recorder/pending/chunk_11_08_2026__14_48_22.mp3 
2026-08-11 14:48:45 [INFO] Sending transcription request for: /Users/raer/Documents/code/ncapi/stuff/sagemaker-whisper/recorder/pending/chunk_11_08_2026__14_48_22.mp3 
2026-08-11 14:48:45 [INFO] Transcription successful for: /Users/raer/Documents/code/ncapi/stuff/sagemaker-whisper/recorder/pending/chunk_11_08_2026__14_48_22.mp3 
2026-08-11 14:48:45 [INFO] Transcript saved: processed/transcribed/chunk_11_08_2026__14_48_22.txt 
2026-08-11 14:48:45 [INFO] Audio file moved: processed/audio/chunk_11_08_2026__14_48_22.mp3 
2026-08-11 14:48:45 [INFO] Worker 2 completed: /Users/raer/Documents/code/ncapi/stuff/sagemaker-whisper/recorder/pending/chunk_11_08_2026__14_48_22.mp3 
2026-08-11 14:48:52 [INFO] Status - Queue: 0, Workers: [{"id":1,"processed":0,"failed":0,"currentFile":null},{"id":2,"processed":8,"failed":0,"currentFile":null}] 
2026-08-11 14:49:22 [INFO] Status - Queue: 0, Workers: [{"id":1,"processed":0,"failed":0,"currentFile":null},{"id":2,"processed":8,"failed":0,"currentFile":null}] 
2026-08-11 14:49:44 [INFO] New file detected: /Users/raer/Documents/code/ncapi/stuff/sagemaker-whisper/recorder/pending/chunk_11_08_2026__14_49_22.mp3 
2026-08-11 14:49:44 [INFO] File ready for transcription: /Users/raer/Documents/code/ncapi/stuff/sagemaker-whisper/recorder/pending/chunk_11_08_2026__14_49_22.mp3 
2026-08-11 14:49:44 [INFO] Enqueued: /Users/raer/Documents/code/ncapi/stuff/sagemaker-whisper/recorder/pending/chunk_11_08_2026__14_49_22.mp3 (queue size: 1) 
2026-08-11 14:49:44 [INFO] Worker 2 processing: /Users/raer/Documents/code/ncapi/stuff/sagemaker-whisper/recorder/pending/chunk_11_08_2026__14_49_22.mp3 
2026-08-11 14:49:44 [INFO] Sending transcription request for: /Users/raer/Documents/code/ncapi/stuff/sagemaker-whisper/recorder/pending/chunk_11_08_2026__14_49_22.mp3 
2026-08-11 14:49:45 [INFO] Transcription successful for: /Users/raer/Documents/code/ncapi/stuff/sagemaker-whisper/recorder/pending/chunk_11_08_2026__14_49_22.mp3 
2026-08-11 14:49:45 [INFO] Transcript saved: processed/transcribed/chunk_11_08_2026__14_49_22.txt 
2026-08-11 14:49:45 [INFO] Audio file moved: processed/audio/chunk_11_08_2026__14_49_22.mp3 
2026-08-11 14:49:45 [INFO] Worker 2 completed: /Users/raer/Documents/code/ncapi/stuff/sagemaker-whisper/recorder/pending/chunk_11_08_2026__14_49_22.mp3 
2026-08-11 14:49:52 [INFO] Status - Queue: 0, Workers: [{"id":1,"processed":0,"failed":0,"currentFile":null},{"id":2,"processed":9,"failed":0,"currentFile":null}] 
2026-08-11 14:50:22 [INFO] Status - Queue: 0, Workers: [{"id":1,"processed":0,"failed":0,"currentFile":null},{"id":2,"processed":9,"failed":0,"currentFile":null}] 
2026-08-11 14:50:40 [INFO] New file detected: /Users/raer/Documents/code/ncapi/stuff/sagemaker-whisper/recorder/pending/chunk_11_08_2026__14_50_22.mp3 
2026-08-11 14:50:40 [INFO] File ready for transcription: /Users/raer/Documents/code/ncapi/stuff/sagemaker-whisper/recorder/pending/chunk_11_08_2026__14_50_22.mp3 
2026-08-11 14:50:40 [INFO] Enqueued: /Users/raer/Documents/code/ncapi/stuff/sagemaker-whisper/recorder/pending/chunk_11_08_2026__14_50_22.mp3 (queue size: 1) 
2026-08-11 14:50:40 [INFO] Worker 2 processing: /Users/raer/Documents/code/ncapi/stuff/sagemaker-whisper/recorder/pending/chunk_11_08_2026__14_50_22.mp3 
2026-08-11 14:50:40 [INFO] Sending transcription request for: /Users/raer/Documents/code/ncapi/stuff/sagemaker-whisper/recorder/pending/chunk_11_08_2026__14_50_22.mp3 
2026-08-11 14:50:41 [INFO] Transcription successful for: /Users/raer/Documents/code/ncapi/stuff/sagemaker-whisper/recorder/pending/chunk_11_08_2026__14_50_22.mp3 
2026-08-11 14:50:41 [INFO] Transcript saved: processed/transcribed/chunk_11_08_2026__14_50_22.txt 
2026-08-11 14:50:41 [INFO] Audio file moved: processed/audio/chunk_11_08_2026__14_50_22.mp3 
2026-08-11 14:50:41 [INFO] Worker 2 completed: /Users/raer/Documents/code/ncapi/stuff/sagemaker-whisper/recorder/pending/chunk_11_08_2026__14_50_22.mp3 
2026-08-11 14:50:52 [INFO] Status - Queue: 0, Workers: [{"id":1,"processed":0,"failed":0,"currentFile":null},{"id":2,"processed":10,"failed":0,"currentFile":null}] 
2026-08-11 14:51:22 [INFO] Status - Queue: 0, Workers: [{"id":1,"processed":0,"failed":0,"currentFile":null},{"id":2,"processed":10,"failed":0,"currentFile":null}] 
2026-08-11 14:51:40 [INFO] New file detected: /Users/raer/Documents/code/ncapi/stuff/sagemaker-whisper/recorder/pending/chunk_11_08_2026__14_51_22.mp3 
2026-08-11 14:51:40 [INFO] File ready for transcription: /Users/raer/Documents/code/ncapi/stuff/sagemaker-whisper/recorder/pending/chunk_11_08_2026__14_51_22.mp3 
2026-08-11 14:51:40 [INFO] Enqueued: /Users/raer/Documents/code/ncapi/stuff/sagemaker-whisper/recorder/pending/chunk_11_08_2026__14_51_22.mp3 (queue size: 1) 
2026-08-11 14:51:40 [INFO] Worker 2 processing: /Users/raer/Documents/code/ncapi/stuff/sagemaker-whisper/recorder/pending/chunk_11_08_2026__14_51_22.mp3 
2026-08-11 14:51:40 [INFO] Sending transcription request for: /Users/raer/Documents/code/ncapi/stuff/sagemaker-whisper/recorder/pending/chunk_11_08_2026__14_51_22.mp3 
2026-08-11 14:51:41 [INFO] Transcription successful for: /Users/raer/Documents/code/ncapi/stuff/sagemaker-whisper/recorder/pending/chunk_11_08_2026__14_51_22.mp3 
2026-08-11 14:51:41 [INFO] Transcript saved: processed/transcribed/chunk_11_08_2026__14_51_22.txt 
2026-08-11 14:51:41 [INFO] Audio file moved: processed/audio/chunk_11_08_2026__14_51_22.mp3 
2026-08-11 14:51:41 [INFO] Worker 2 completed: /Users/raer/Documents/code/ncapi/stuff/sagemaker-whisper/recorder/pending/chunk_11_08_2026__14_51_22.mp3 
2026-08-11 14:51:52 [INFO] Status - Queue: 0, Workers: [{"id":1,"processed":0,"failed":0,"currentFile":null},{"id":2,"processed":11,"failed":0,"currentFile":null}] 
2026-08-11 14:52:22 [INFO] Status - Queue: 0, Workers: [{"id":1,"processed":0,"failed":0,"currentFile":null},{"id":2,"processed":11,"failed":0,"currentFile":null}] 
2026-08-11 14:52:39 [INFO] New file detected: /Users/raer/Documents/code/ncapi/stuff/sagemaker-whisper/recorder/pending/chunk_11_08_2026__14_52_22.mp3 
2026-08-11 14:52:39 [INFO] File ready for transcription: /Users/raer/Documents/code/ncapi/stuff/sagemaker-whisper/recorder/pending/chunk_11_08_2026__14_52_22.mp3 
2026-08-11 14:52:39 [INFO] Enqueued: /Users/raer/Documents/code/ncapi/stuff/sagemaker-whisper/recorder/pending/chunk_11_08_2026__14_52_22.mp3 (queue size: 1) 
2026-08-11 14:52:39 [INFO] Worker 2 processing: /Users/raer/Documents/code/ncapi/stuff/sagemaker-whisper/recorder/pending/chunk_11_08_2026__14_52_22.mp3 
2026-08-11 14:52:39 [INFO] Sending transcription request for: /Users/raer/Documents/code/ncapi/stuff/sagemaker-whisper/recorder/pending/chunk_11_08_2026__14_52_22.mp3 
2026-08-11 14:52:40 [INFO] Transcription successful for: /Users/raer/Documents/code/ncapi/stuff/sagemaker-whisper/recorder/pending/chunk_11_08_2026__14_52_22.mp3 
2026-08-11 14:52:40 [INFO] Transcript saved: processed/transcribed/chunk_11_08_2026__14_52_22.txt 
2026-08-11 14:52:40 [INFO] Audio file moved: processed/audio/chunk_11_08_2026__14_52_22.mp3 
2026-08-11 14:52:40 [INFO] Worker 2 completed: /Users/raer/Documents/code/ncapi/stuff/sagemaker-whisper/recorder/pending/chunk_11_08_2026__14_52_22.mp3 
2026-08-11 14:52:52 [INFO] Status - Queue: 0, Workers: [{"id":1,"processed":0,"failed":0,"currentFile":null},{"id":2,"processed":12,"failed":0,"currentFile":null}] 
2026-08-11 14:53:22 [INFO] Status - Queue: 0, Workers: [{"id":1,"processed":0,"failed":0,"currentFile":null},{"id":2,"processed":12,"failed":0,"currentFile":null}] 
2026-08-11 14:53:42 [INFO] New file detected: /Users/raer/Documents/code/ncapi/stuff/sagemaker-whisper/recorder/pending/chunk_11_08_2026__14_53_21.mp3 
2026-08-11 14:53:42 [INFO] File ready for transcription: /Users/raer/Documents/code/ncapi/stuff/sagemaker-whisper/recorder/pending/chunk_11_08_2026__14_53_21.mp3 
2026-08-11 14:53:42 [INFO] Enqueued: /Users/raer/Documents/code/ncapi/stuff/sagemaker-whisper/recorder/pending/chunk_11_08_2026__14_53_21.mp3 (queue size: 1) 
2026-08-11 14:53:42 [INFO] Worker 2 processing: /Users/raer/Documents/code/ncapi/stuff/sagemaker-whisper/recorder/pending/chunk_11_08_2026__14_53_21.mp3 
2026-08-11 14:53:42 [INFO] Sending transcription request for: /Users/raer/Documents/code/ncapi/stuff/sagemaker-whisper/recorder/pending/chunk_11_08_2026__14_53_21.mp3 
2026-08-11 14:53:43 [INFO] Transcription successful for: /Users/raer/Documents/code/ncapi/stuff/sagemaker-whisper/recorder/pending/chunk_11_08_2026__14_53_21.mp3 
2026-08-11 14:53:43 [INFO] Transcript saved: processed/transcribed/chunk_11_08_2026__14_53_21.txt 
2026-08-11 14:53:43 [INFO] Audio file moved: processed/audio/chunk_11_08_2026__14_53_21.mp3 
2026-08-11 14:53:43 [INFO] Worker 2 completed: /Users/raer/Documents/code/ncapi/stuff/sagemaker-whisper/recorder/pending/chunk_11_08_2026__14_53_21.mp3 
2026-08-11 14:53:52 [INFO] Status - Queue: 0, Workers: [{"id":1,"processed":0,"failed":0,"currentFile":null},{"id":2,"processed":13,"failed":0,"currentFile":null}] 
2026-08-11 14:54:22 [INFO] Status - Queue: 0, Workers: [{"id":1,"processed":0,"failed":0,"currentFile":null},{"id":2,"processed":13,"failed":0,"currentFile":null}] 
2026-08-11 14:54:43 [INFO] New file detected: /Users/raer/Documents/code/ncapi/stuff/sagemaker-whisper/recorder/pending/chunk_11_08_2026__14_54_22.mp3 
2026-08-11 14:54:43 [INFO] File ready for transcription: /Users/raer/Documents/code/ncapi/stuff/sagemaker-whisper/recorder/pending/chunk_11_08_2026__14_54_22.mp3 
2026-08-11 14:54:43 [INFO] Enqueued: /Users/raer/Documents/code/ncapi/stuff/sagemaker-whisper/recorder/pending/chunk_11_08_2026__14_54_22.mp3 (queue size: 1) 
2026-08-11 14:54:43 [INFO] Worker 2 processing: /Users/raer/Documents/code/ncapi/stuff/sagemaker-whisper/recorder/pending/chunk_11_08_2026__14_54_22.mp3 
2026-08-11 14:54:43 [INFO] Sending transcription request for: /Users/raer/Documents/code/ncapi/stuff/sagemaker-whisper/recorder/pending/chunk_11_08_2026__14_54_22.mp3 
2026-08-11 14:54:43 [INFO] Transcription successful for: /Users/raer/Documents/code/ncapi/stuff/sagemaker-whisper/recorder/pending/chunk_11_08_2026__14_54_22.mp3 
2026-08-11 14:54:43 [INFO] Transcript saved: processed/transcribed/chunk_11_08_2026__14_54_22.txt 
2026-08-11 14:54:43 [INFO] Audio file moved: processed/audio/chunk_11_08_2026__14_54_22.mp3 
2026-08-11 14:54:43 [INFO] Worker 2 completed: /Users/raer/Documents/code/ncapi/stuff/sagemaker-whisper/recorder/pending/chunk_11_08_2026__14_54_22.mp3 
2026-08-11 14:54:52 [INFO] Status - Queue: 0, Workers: [{"id":1,"processed":0,"failed":0,"currentFile":null},{"id":2,"processed":14,"failed":0,"currentFile":null}] 
2026-08-11 14:55:22 [INFO] Status - Queue: 0, Workers: [{"id":1,"processed":0,"failed":0,"currentFile":null},{"id":2,"processed":14,"failed":0,"currentFile":null}] 
2026-08-11 14:55:43 [INFO] New file detected: /Users/raer/Documents/code/ncapi/stuff/sagemaker-whisper/recorder/pending/chunk_11_08_2026__14_55_22.mp3 
2026-08-11 14:55:43 [INFO] File ready for transcription: /Users/raer/Documents/code/ncapi/stuff/sagemaker-whisper/recorder/pending/chunk_11_08_2026__14_55_22.mp3 
2026-08-11 14:55:43 [INFO] Enqueued: /Users/raer/Documents/code/ncapi/stuff/sagemaker-whisper/recorder/pending/chunk_11_08_2026__14_55_22.mp3 (queue size: 1) 
2026-08-11 14:55:43 [INFO] Worker 2 processing: /Users/raer/Documents/code/ncapi/stuff/sagemaker-whisper/recorder/pending/chunk_11_08_2026__14_55_22.mp3 
2026-08-11 14:55:43 [INFO] Sending transcription request for: /Users/raer/Documents/code/ncapi/stuff/sagemaker-whisper/recorder/pending/chunk_11_08_2026__14_55_22.mp3 
2026-08-11 14:55:43 [INFO] Transcription successful for: /Users/raer/Documents/code/ncapi/stuff/sagemaker-whisper/recorder/pending/chunk_11_08_2026__14_55_22.mp3 
2026-08-11 14:55:43 [INFO] Transcript saved: processed/transcribed/chunk_11_08_2026__14_55_22.txt 
2026-08-11 14:55:44 [INFO] Audio file moved: processed/audio/chunk_11_08_2026__14_55_22.mp3 
2026-08-11 14:55:44 [INFO] Worker 2 completed: /Users/raer/Documents/code/ncapi/stuff/sagemaker-whisper/recorder/pending/chunk_11_08_2026__14_55_22.mp3 
2026-08-11 14:55:52 [INFO] Status - Queue: 0, Workers: [{"id":1,"processed":0,"failed":0,"currentFile":null},{"id":2,"processed":15,"failed":0,"currentFile":null}] 
2026-08-11 14:56:22 [INFO] Status - Queue: 0, Workers: [{"id":1,"processed":0,"failed":0,"currentFile":null},{"id":2,"processed":15,"failed":0,"currentFile":null}] 
2026-08-11 14:56:42 [INFO] New file detected: /Users/raer/Documents/code/ncapi/stuff/sagemaker-whisper/recorder/pending/chunk_11_08_2026__14_56_22.mp3 
2026-08-11 14:56:42 [INFO] File ready for transcription: /Users/raer/Documents/code/ncapi/stuff/sagemaker-whisper/recorder/pending/chunk_11_08_2026__14_56_22.mp3 
2026-08-11 14:56:42 [INFO] Enqueued: /Users/raer/Documents/code/ncapi/stuff/sagemaker-whisper/recorder/pending/chunk_11_08_2026__14_56_22.mp3 (queue size: 1) 
2026-08-11 14:56:42 [INFO] Worker 2 processing: /Users/raer/Documents/code/ncapi/stuff/sagemaker-whisper/recorder/pending/chunk_11_08_2026__14_56_22.mp3 
2026-08-11 14:56:42 [INFO] Sending transcription request for: /Users/raer/Documents/code/ncapi/stuff/sagemaker-whisper/recorder/pending/chunk_11_08_2026__14_56_22.mp3 
2026-08-11 14:56:43 [INFO] Transcription successful for: /Users/raer/Documents/code/ncapi/stuff/sagemaker-whisper/recorder/pending/chunk_11_08_2026__14_56_22.mp3 
2026-08-11 14:56:43 [INFO] Transcript saved: processed/transcribed/chunk_11_08_2026__14_56_22.txt 
2026-08-11 14:56:43 [INFO] Audio file moved: processed/audio/chunk_11_08_2026__14_56_22.mp3 
2026-08-11 14:56:43 [INFO] Worker 2 completed: /Users/raer/Documents/code/ncapi/stuff/sagemaker-whisper/recorder/pending/chunk_11_08_2026__14_56_22.mp3 
2026-08-11 14:56:52 [INFO] Status - Queue: 0, Workers: [{"id":1,"processed":0,"failed":0,"currentFile":null},{"id":2,"processed":16,"failed":0,"currentFile":null}] 
2026-08-11 14:57:22 [INFO] Status - Queue: 0, Workers: [{"id":1,"processed":0,"failed":0,"currentFile":null},{"id":2,"processed":16,"failed":0,"currentFile":null}] 
2026-08-11 14:57:38 [INFO] New file detected: /Users/raer/Documents/code/ncapi/stuff/sagemaker-whisper/recorder/pending/chunk_11_08_2026__14_57_22.mp3 
2026-08-11 14:57:38 [INFO] File ready for transcription: /Users/raer/Documents/code/ncapi/stuff/sagemaker-whisper/recorder/pending/chunk_11_08_2026__14_57_22.mp3 
2026-08-11 14:57:38 [INFO] Enqueued: /Users/raer/Documents/code/ncapi/stuff/sagemaker-whisper/recorder/pending/chunk_11_08_2026__14_57_22.mp3 (queue size: 1) 
2026-08-11 14:57:38 [INFO] Worker 2 processing: /Users/raer/Documents/code/ncapi/stuff/sagemaker-whisper/recorder/pending/chunk_11_08_2026__14_57_22.mp3 
2026-08-11 14:57:38 [INFO] Sending transcription request for: /Users/raer/Documents/code/ncapi/stuff/sagemaker-whisper/recorder/pending/chunk_11_08_2026__14_57_22.mp3 
2026-08-11 14:57:39 [INFO] Transcription successful for: /Users/raer/Documents/code/ncapi/stuff/sagemaker-whisper/recorder/pending/chunk_11_08_2026__14_57_22.mp3 
2026-08-11 14:57:39 [INFO] Transcript saved: processed/transcribed/chunk_11_08_2026__14_57_22.txt 
2026-08-11 14:57:39 [INFO] Audio file moved: processed/audio/chunk_11_08_2026__14_57_22.mp3 
2026-08-11 14:57:39 [INFO] Worker 2 completed: /Users/raer/Documents/code/ncapi/stuff/sagemaker-whisper/recorder/pending/chunk_11_08_2026__14_57_22.mp3 
2026-08-11 14:57:52 [INFO] Status - Queue: 0, Workers: [{"id":1,"processed":0,"failed":0,"currentFile":null},{"id":2,"processed":17,"failed":0,"currentFile":null}] 
2026-08-11 14:58:22 [INFO] Status - Queue: 0, Workers: [{"id":1,"processed":0,"failed":0,"currentFile":null},{"id":2,"processed":17,"failed":0,"currentFile":null}] 
2026-08-11 14:58:44 [INFO] New file detected: /Users/raer/Documents/code/ncapi/stuff/sagemaker-whisper/recorder/pending/chunk_11_08_2026__14_58_22.mp3 
2026-08-11 14:58:44 [INFO] File ready for transcription: /Users/raer/Documents/code/ncapi/stuff/sagemaker-whisper/recorder/pending/chunk_11_08_2026__14_58_22.mp3 
2026-08-11 14:58:44 [INFO] Enqueued: /Users/raer/Documents/code/ncapi/stuff/sagemaker-whisper/recorder/pending/chunk_11_08_2026__14_58_22.mp3 (queue size: 1) 
2026-08-11 14:58:44 [INFO] Worker 2 processing: /Users/raer/Documents/code/ncapi/stuff/sagemaker-whisper/recorder/pending/chunk_11_08_2026__14_58_22.mp3 
2026-08-11 14:58:44 [INFO] Sending transcription request for: /Users/raer/Documents/code/ncapi/stuff/sagemaker-whisper/recorder/pending/chunk_11_08_2026__14_58_22.mp3 
2026-08-11 14:58:45 [INFO] Transcription successful for: /Users/raer/Documents/code/ncapi/stuff/sagemaker-whisper/recorder/pending/chunk_11_08_2026__14_58_22.mp3 
2026-08-11 14:58:45 [INFO] Transcript saved: processed/transcribed/chunk_11_08_2026__14_58_22.txt 
2026-08-11 14:58:45 [INFO] Audio file moved: processed/audio/chunk_11_08_2026__14_58_22.mp3 
2026-08-11 14:58:45 [INFO] Worker 2 completed: /Users/raer/Documents/code/ncapi/stuff/sagemaker-whisper/recorder/pending/chunk_11_08_2026__14_58_22.mp3 
2026-08-11 14:58:52 [INFO] Status - Queue: 0, Workers: [{"id":1,"processed":0,"failed":0,"currentFile":null},{"id":2,"processed":18,"failed":0,"currentFile":null}] 
2026-08-11 14:59:22 [INFO] Status - Queue: 0, Workers: [{"id":1,"processed":0,"failed":0,"currentFile":null},{"id":2,"processed":18,"failed":0,"currentFile":null}] 
2026-08-11 14:59:42 [INFO] New file detected: /Users/raer/Documents/code/ncapi/stuff/sagemaker-whisper/recorder/pending/chunk_11_08_2026__14_59_22.mp3 
2026-08-11 14:59:42 [INFO] File ready for transcription: /Users/raer/Documents/code/ncapi/stuff/sagemaker-whisper/recorder/pending/chunk_11_08_2026__14_59_22.mp3 
2026-08-11 14:59:42 [INFO] Enqueued: /Users/raer/Documents/code/ncapi/stuff/sagemaker-whisper/recorder/pending/chunk_11_08_2026__14_59_22.mp3 (queue size: 1) 
2026-08-11 14:59:42 [INFO] Worker 2 processing: /Users/raer/Documents/code/ncapi/stuff/sagemaker-whisper/recorder/pending/chunk_11_08_2026__14_59_22.mp3 
2026-08-11 14:59:42 [INFO] Sending transcription request for: /Users/raer/Documents/code/ncapi/stuff/sagemaker-whisper/recorder/pending/chunk_11_08_2026__14_59_22.mp3 
2026-08-11 14:59:43 [INFO] Transcription successful for: /Users/raer/Documents/code/ncapi/stuff/sagemaker-whisper/recorder/pending/chunk_11_08_2026__14_59_22.mp3 
2026-08-11 14:59:43 [INFO] Transcript saved: processed/transcribed/chunk_11_08_2026__14_59_22.txt 
2026-08-11 14:59:43 [INFO] Audio file moved: processed/audio/chunk_11_08_2026__14_59_22.mp3 
2026-08-11 14:59:43 [INFO] Worker 2 completed: /Users/raer/Documents/code/ncapi/stuff/sagemaker-whisper/recorder/pending/chunk_11_08_2026__14_59_22.mp3 
2026-08-11 14:59:52 [INFO] Status - Queue: 0, Workers: [{"id":1,"processed":0,"failed":0,"currentFile":null},{"id":2,"processed":19,"failed":0,"currentFile":null}] 
2026-08-11 15:00:22 [INFO] Status - Queue: 0, Workers: [{"id":1,"processed":0,"failed":0,"currentFile":null},{"id":2,"processed":19,"failed":0,"currentFile":null}] 
2026-08-11 15:00:42 [INFO] New file detected: /Users/raer/Documents/code/ncapi/stuff/sagemaker-whisper/recorder/pending/chunk_11_08_2026__15_00_22.mp3 
2026-08-11 15:00:42 [INFO] File ready for transcription: /Users/raer/Documents/code/ncapi/stuff/sagemaker-whisper/recorder/pending/chunk_11_08_2026__15_00_22.mp3 
2026-08-11 15:00:42 [INFO] Enqueued: /Users/raer/Documents/code/ncapi/stuff/sagemaker-whisper/recorder/pending/chunk_11_08_2026__15_00_22.mp3 (queue size: 1) 
2026-08-11 15:00:42 [INFO] Worker 2 processing: /Users/raer/Documents/code/ncapi/stuff/sagemaker-whisper/recorder/pending/chunk_11_08_2026__15_00_22.mp3 
2026-08-11 15:00:42 [INFO] Sending transcription request for: /Users/raer/Documents/code/ncapi/stuff/sagemaker-whisper/recorder/pending/chunk_11_08_2026__15_00_22.mp3 
2026-08-11 15:00:42 [INFO] Transcription successful for: /Users/raer/Documents/code/ncapi/stuff/sagemaker-whisper/recorder/pending/chunk_11_08_2026__15_00_22.mp3 
2026-08-11 15:00:42 [INFO] Transcript saved: processed/transcribed/chunk_11_08_2026__15_00_22.txt 
2026-08-11 15:00:42 [INFO] Audio file moved: processed/audio/chunk_11_08_2026__15_00_22.mp3 
2026-08-11 15:00:42 [INFO] Worker 2 completed: /Users/raer/Documents/code/ncapi/stuff/sagemaker-whisper/recorder/pending/chunk_11_08_2026__15_00_22.mp3 
2026-08-11 15:00:52 [INFO] Status - Queue: 0, Workers: [{"id":1,"processed":0,"failed":0,"currentFile":null},{"id":2,"processed":20,"failed":0,"currentFile":null}] 
2026-08-11 15:01:22 [INFO] Status - Queue: 0, Workers: [{"id":1,"processed":0,"failed":0,"currentFile":null},{"id":2,"processed":20,"failed":0,"currentFile":null}] 
2026-08-11 15:01:41 [INFO] New file detected: /Users/raer/Documents/code/ncapi/stuff/sagemaker-whisper/recorder/pending/chunk_11_08_2026__15_01_22.mp3 
2026-08-11 15:01:41 [INFO] File ready for transcription: /Users/raer/Documents/code/ncapi/stuff/sagemaker-whisper/recorder/pending/chunk_11_08_2026__15_01_22.mp3 
2026-08-11 15:01:41 [INFO] Enqueued: /Users/raer/Documents/code/ncapi/stuff/sagemaker-whisper/recorder/pending/chunk_11_08_2026__15_01_22.mp3 (queue size: 1) 
2026-08-11 15:01:41 [INFO] Worker 2 processing: /Users/raer/Documents/code/ncapi/stuff/sagemaker-whisper/recorder/pending/chunk_11_08_2026__15_01_22.mp3 
2026-08-11 15:01:41 [INFO] Sending transcription request for: /Users/raer/Documents/code/ncapi/stuff/sagemaker-whisper/recorder/pending/chunk_11_08_2026__15_01_22.mp3 
2026-08-11 15:01:42 [INFO] Transcription successful for: /Users/raer/Documents/code/ncapi/stuff/sagemaker-whisper/recorder/pending/chunk_11_08_2026__15_01_22.mp3 
2026-08-11 15:01:42 [INFO] Transcript saved: processed/transcribed/chunk_11_08_2026__15_01_22.txt 
2026-08-11 15:01:42 [INFO] Audio file moved: processed/audio/chunk_11_08_2026__15_01_22.mp3 
2026-08-11 15:01:42 [INFO] Worker 2 completed: /Users/raer/Documents/code/ncapi/stuff/sagemaker-whisper/recorder/pending/chunk_11_08_2026__15_01_22.mp3 
2026-08-11 15:01:52 [INFO] Status - Queue: 0, Workers: [{"id":1,"processed":0,"failed":0,"currentFile":null},{"id":2,"processed":21,"failed":0,"currentFile":null}] 
2026-08-11 15:02:22 [INFO] Status - Queue: 0, Workers: [{"id":1,"processed":0,"failed":0,"currentFile":null},{"id":2,"processed":21,"failed":0,"currentFile":null}] 
2026-08-11 15:02:43 [INFO] New file detected: /Users/raer/Documents/code/ncapi/stuff/sagemaker-whisper/recorder/pending/chunk_11_08_2026__15_02_22.mp3 
2026-08-11 15:02:43 [INFO] File ready for transcription: /Users/raer/Documents/code/ncapi/stuff/sagemaker-whisper/recorder/pending/chunk_11_08_2026__15_02_22.mp3 
2026-08-11 15:02:43 [INFO] Enqueued: /Users/raer/Documents/code/ncapi/stuff/sagemaker-whisper/recorder/pending/chunk_11_08_2026__15_02_22.mp3 (queue size: 1) 
2026-08-11 15:02:43 [INFO] Worker 2 processing: /Users/raer/Documents/code/ncapi/stuff/sagemaker-whisper/recorder/pending/chunk_11_08_2026__15_02_22.mp3 
2026-08-11 15:02:43 [INFO] Sending transcription request for: /Users/raer/Documents/code/ncapi/stuff/sagemaker-whisper/recorder/pending/chunk_11_08_2026__15_02_22.mp3 
2026-08-11 15:02:44 [INFO] Transcription successful for: /Users/raer/Documents/code/ncapi/stuff/sagemaker-whisper/recorder/pending/chunk_11_08_2026__15_02_22.mp3 
2026-08-11 15:02:44 [INFO] Transcript saved: processed/transcribed/chunk_11_08_2026__15_02_22.txt 
2026-08-11 15:02:44 [INFO] Audio file moved: processed/audio/chunk_11_08_2026__15_02_22.mp3 
2026-08-11 15:02:44 [INFO] Worker 2 completed: /Users/raer/Documents/code/ncapi/stuff/sagemaker-whisper/recorder/pending/chunk_11_08_2026__15_02_22.mp3 
2026-08-11 15:02:52 [INFO] Status - Queue: 0, Workers: [{"id":1,"processed":0,"failed":0,"currentFile":null},{"id":2,"processed":22,"failed":0,"currentFile":null}] 
2026-08-11 15:03:22 [INFO] Status - Queue: 0, Workers: [{"id":1,"processed":0,"failed":0,"currentFile":null},{"id":2,"processed":22,"failed":0,"currentFile":null}] 
2026-08-11 15:03:45 [INFO] New file detected: /Users/raer/Documents/code/ncapi/stuff/sagemaker-whisper/recorder/pending/chunk_11_08_2026__15_03_22.mp3 
2026-08-11 15:03:45 [INFO] File ready for transcription: /Users/raer/Documents/code/ncapi/stuff/sagemaker-whisper/recorder/pending/chunk_11_08_2026__15_03_22.mp3 
2026-08-11 15:03:45 [INFO] Enqueued: /Users/raer/Documents/code/ncapi/stuff/sagemaker-whisper/recorder/pending/chunk_11_08_2026__15_03_22.mp3 (queue size: 1) 
2026-08-11 15:03:45 [INFO] Worker 2 processing: /Users/raer/Documents/code/ncapi/stuff/sagemaker-whisper/recorder/pending/chunk_11_08_2026__15_03_22.mp3 
2026-08-11 15:03:45 [INFO] Sending transcription request for: /Users/raer/Documents/code/ncapi/stuff/sagemaker-whisper/recorder/pending/chunk_11_08_2026__15_03_22.mp3 
2026-08-11 15:03:46 [INFO] Transcription successful for: /Users/raer/Documents/code/ncapi/stuff/sagemaker-whisper/recorder/pending/chunk_11_08_2026__15_03_22.mp3 
2026-08-11 15:03:46 [INFO] Transcript saved: processed/transcribed/chunk_11_08_2026__15_03_22.txt 
2026-08-11 15:03:46 [INFO] Audio file moved: processed/audio/chunk_11_08_2026__15_03_22.mp3 
2026-08-11 15:03:46 [INFO] Worker 2 completed: /Users/raer/Documents/code/ncapi/stuff/sagemaker-whisper/recorder/pending/chunk_11_08_2026__15_03_22.mp3 
2026-08-11 15:03:52 [INFO] Status - Queue: 0, Workers: [{"id":1,"processed":0,"failed":0,"currentFile":null},{"id":2,"processed":23,"failed":0,"currentFile":null}] 
2026-08-11 15:04:22 [INFO] Status - Queue: 0, Workers: [{"id":1,"processed":0,"failed":0,"currentFile":null},{"id":2,"processed":23,"failed":0,"currentFile":null}] 
2026-08-11 15:04:43 [INFO] New file detected: /Users/raer/Documents/code/ncapi/stuff/sagemaker-whisper/recorder/pending/chunk_11_08_2026__15_04_22.mp3 
2026-08-11 15:04:43 [INFO] File ready for transcription: /Users/raer/Documents/code/ncapi/stuff/sagemaker-whisper/recorder/pending/chunk_11_08_2026__15_04_22.mp3 
2026-08-11 15:04:43 [INFO] Enqueued: /Users/raer/Documents/code/ncapi/stuff/sagemaker-whisper/recorder/pending/chunk_11_08_2026__15_04_22.mp3 (queue size: 1) 
2026-08-11 15:04:43 [INFO] Worker 2 processing: /Users/raer/Documents/code/ncapi/stuff/sagemaker-whisper/recorder/pending/chunk_11_08_2026__15_04_22.mp3 
2026-08-11 15:04:43 [INFO] Sending transcription request for: /Users/raer/Documents/code/ncapi/stuff/sagemaker-whisper/recorder/pending/chunk_11_08_2026__15_04_22.mp3 
2026-08-11 15:04:44 [INFO] Transcription successful for: /Users/raer/Documents/code/ncapi/stuff/sagemaker-whisper/recorder/pending/chunk_11_08_2026__15_04_22.mp3 
2026-08-11 15:04:44 [INFO] Transcript saved: processed/transcribed/chunk_11_08_2026__15_04_22.txt 
2026-08-11 15:04:44 [INFO] Audio file moved: processed/audio/chunk_11_08_2026__15_04_22.mp3 
2026-08-11 15:04:44 [INFO] Worker 2 completed: /Users/raer/Documents/code/ncapi/stuff/sagemaker-whisper/recorder/pending/chunk_11_08_2026__15_04_22.mp3 
2026-08-11 15:04:52 [INFO] Status - Queue: 0, Workers: [{"id":1,"processed":0,"failed":0,"currentFile":null},{"id":2,"processed":24,"failed":0,"currentFile":null}] 
2026-08-11 15:05:22 [INFO] Status - Queue: 0, Workers: [{"id":1,"processed":0,"failed":0,"currentFile":null},{"id":2,"processed":24,"failed":0,"currentFile":null}] 
2026-08-11 15:05:41 [INFO] New file detected: /Users/raer/Documents/code/ncapi/stuff/sagemaker-whisper/recorder/pending/chunk_11_08_2026__15_05_22.mp3 
2026-08-11 15:05:41 [INFO] File ready for transcription: /Users/raer/Documents/code/ncapi/stuff/sagemaker-whisper/recorder/pending/chunk_11_08_2026__15_05_22.mp3 
2026-08-11 15:05:41 [INFO] Enqueued: /Users/raer/Documents/code/ncapi/stuff/sagemaker-whisper/recorder/pending/chunk_11_08_2026__15_05_22.mp3 (queue size: 1) 
2026-08-11 15:05:41 [INFO] Worker 2 processing: /Users/raer/Documents/code/ncapi/stuff/sagemaker-whisper/recorder/pending/chunk_11_08_2026__15_05_22.mp3 
2026-08-11 15:05:41 [INFO] Sending transcription request for: /Users/raer/Documents/code/ncapi/stuff/sagemaker-whisper/recorder/pending/chunk_11_08_2026__15_05_22.mp3 
2026-08-11 15:05:42 [INFO] Transcription successful for: /Users/raer/Documents/code/ncapi/stuff/sagemaker-whisper/recorder/pending/chunk_11_08_2026__15_05_22.mp3 
2026-08-11 15:05:42 [INFO] Transcript saved: processed/transcribed/chunk_11_08_2026__15_05_22.txt 
2026-08-11 15:05:42 [INFO] Audio file moved: processed/audio/chunk_11_08_2026__15_05_22.mp3 
2026-08-11 15:05:42 [INFO] Worker 2 completed: /Users/raer/Documents/code/ncapi/stuff/sagemaker-whisper/recorder/pending/chunk_11_08_2026__15_05_22.mp3 
2026-08-11 15:05:52 [INFO] Status - Queue: 0, Workers: [{"id":1,"processed":0,"failed":0,"currentFile":null},{"id":2,"processed":25,"failed":0,"currentFile":null}] 
2026-08-11 15:06:22 [INFO] Status - Queue: 0, Workers: [{"id":1,"processed":0,"failed":0,"currentFile":null},{"id":2,"processed":25,"failed":0,"currentFile":null}] 
2026-08-11 15:06:44 [INFO] New file detected: /Users/raer/Documents/code/ncapi/stuff/sagemaker-whisper/recorder/pending/chunk_11_08_2026__15_06_22.mp3 
2026-08-11 15:06:44 [INFO] File ready for transcription: /Users/raer/Documents/code/ncapi/stuff/sagemaker-whisper/recorder/pending/chunk_11_08_2026__15_06_22.mp3 
2026-08-11 15:06:44 [INFO] Enqueued: /Users/raer/Documents/code/ncapi/stuff/sagemaker-whisper/recorder/pending/chunk_11_08_2026__15_06_22.mp3 (queue size: 1) 
2026-08-11 15:06:44 [INFO] Worker 2 processing: /Users/raer/Documents/code/ncapi/stuff/sagemaker-whisper/recorder/pending/chunk_11_08_2026__15_06_22.mp3 
2026-08-11 15:06:44 [INFO] Sending transcription request for: /Users/raer/Documents/code/ncapi/stuff/sagemaker-whisper/recorder/pending/chunk_11_08_2026__15_06_22.mp3 
2026-08-11 15:06:45 [INFO] Transcription successful for: /Users/raer/Documents/code/ncapi/stuff/sagemaker-whisper/recorder/pending/chunk_11_08_2026__15_06_22.mp3 
2026-08-11 15:06:45 [INFO] Transcript saved: processed/transcribed/chunk_11_08_2026__15_06_22.txt 
2026-08-11 15:06:45 [INFO] Audio file moved: processed/audio/chunk_11_08_2026__15_06_22.mp3 
2026-08-11 15:06:45 [INFO] Worker 2 completed: /Users/raer/Documents/code/ncapi/stuff/sagemaker-whisper/recorder/pending/chunk_11_08_2026__15_06_22.mp3 
2026-08-11 15:06:52 [INFO] Status - Queue: 0, Workers: [{"id":1,"processed":0,"failed":0,"currentFile":null},{"id":2,"processed":26,"failed":0,"currentFile":null}] 
2026-08-11 15:07:22 [INFO] Status - Queue: 0, Workers: [{"id":1,"processed":0,"failed":0,"currentFile":null},{"id":2,"processed":26,"failed":0,"currentFile":null}] 
2026-08-11 15:07:42 [INFO] New file detected: /Users/raer/Documents/code/ncapi/stuff/sagemaker-whisper/recorder/pending/chunk_11_08_2026__15_07_22.mp3 
2026-08-11 15:07:42 [INFO] File ready for transcription: /Users/raer/Documents/code/ncapi/stuff/sagemaker-whisper/recorder/pending/chunk_11_08_2026__15_07_22.mp3 
2026-08-11 15:07:42 [INFO] Enqueued: /Users/raer/Documents/code/ncapi/stuff/sagemaker-whisper/recorder/pending/chunk_11_08_2026__15_07_22.mp3 (queue size: 1) 
2026-08-11 15:07:42 [INFO] Worker 2 processing: /Users/raer/Documents/code/ncapi/stuff/sagemaker-whisper/recorder/pending/chunk_11_08_2026__15_07_22.mp3 
2026-08-11 15:07:42 [INFO] Sending transcription request for: /Users/raer/Documents/code/ncapi/stuff/sagemaker-whisper/recorder/pending/chunk_11_08_2026__15_07_22.mp3 
2026-08-11 15:07:43 [INFO] Transcription successful for: /Users/raer/Documents/code/ncapi/stuff/sagemaker-whisper/recorder/pending/chunk_11_08_2026__15_07_22.mp3 
2026-08-11 15:07:43 [INFO] Transcript saved: processed/transcribed/chunk_11_08_2026__15_07_22.txt 
2026-08-11 15:07:43 [INFO] Audio file moved: processed/audio/chunk_11_08_2026__15_07_22.mp3 
2026-08-11 15:07:43 [INFO] Worker 2 completed: /Users/raer/Documents/code/ncapi/stuff/sagemaker-whisper/recorder/pending/chunk_11_08_2026__15_07_22.mp3 
2026-08-11 15:07:52 [INFO] Status - Queue: 0, Workers: [{"id":1,"processed":0,"failed":0,"currentFile":null},{"id":2,"processed":27,"failed":0,"currentFile":null}] 
2026-08-11 15:08:22 [INFO] Status - Queue: 0, Workers: [{"id":1,"processed":0,"failed":0,"currentFile":null},{"id":2,"processed":27,"failed":0,"currentFile":null}] 
2026-08-11 15:08:45 [INFO] New file detected: /Users/raer/Documents/code/ncapi/stuff/sagemaker-whisper/recorder/pending/chunk_11_08_2026__15_08_22.mp3 
2026-08-11 15:08:45 [INFO] File ready for transcription: /Users/raer/Documents/code/ncapi/stuff/sagemaker-whisper/recorder/pending/chunk_11_08_2026__15_08_22.mp3 
2026-08-11 15:08:45 [INFO] Enqueued: /Users/raer/Documents/code/ncapi/stuff/sagemaker-whisper/recorder/pending/chunk_11_08_2026__15_08_22.mp3 (queue size: 1) 
2026-08-11 15:08:45 [INFO] Worker 2 processing: /Users/raer/Documents/code/ncapi/stuff/sagemaker-whisper/recorder/pending/chunk_11_08_2026__15_08_22.mp3 
2026-08-11 15:08:45 [INFO] Sending transcription request for: /Users/raer/Documents/code/ncapi/stuff/sagemaker-whisper/recorder/pending/chunk_11_08_2026__15_08_22.mp3 
2026-08-11 15:08:46 [INFO] Transcription successful for: /Users/raer/Documents/code/ncapi/stuff/sagemaker-whisper/recorder/pending/chunk_11_08_2026__15_08_22.mp3 
2026-08-11 15:08:46 [INFO] Transcript saved: processed/transcribed/chunk_11_08_2026__15_08_22.txt 
2026-08-11 15:08:46 [INFO] Audio file moved: processed/audio/chunk_11_08_2026__15_08_22.mp3 
2026-08-11 15:08:46 [INFO] Worker 2 completed: /Users/raer/Documents/code/ncapi/stuff/sagemaker-whisper/recorder/pending/chunk_11_08_2026__15_08_22.mp3 
2026-08-11 15:08:52 [INFO] Status - Queue: 0, Workers: [{"id":1,"processed":0,"failed":0,"currentFile":null},{"id":2,"processed":28,"failed":0,"currentFile":null}] 
2026-08-11 15:09:22 [INFO] Status - Queue: 0, Workers: [{"id":1,"processed":0,"failed":0,"currentFile":null},{"id":2,"processed":28,"failed":0,"currentFile":null}] 
2026-08-11 15:09:43 [INFO] New file detected: /Users/raer/Documents/code/ncapi/stuff/sagemaker-whisper/recorder/pending/chunk_11_08_2026__15_09_22.mp3 
2026-08-11 15:09:43 [INFO] File ready for transcription: /Users/raer/Documents/code/ncapi/stuff/sagemaker-whisper/recorder/pending/chunk_11_08_2026__15_09_22.mp3 
2026-08-11 15:09:43 [INFO] Enqueued: /Users/raer/Documents/code/ncapi/stuff/sagemaker-whisper/recorder/pending/chunk_11_08_2026__15_09_22.mp3 (queue size: 1) 
2026-08-11 15:09:43 [INFO] Worker 2 processing: /Users/raer/Documents/code/ncapi/stuff/sagemaker-whisper/recorder/pending/chunk_11_08_2026__15_09_22.mp3 
2026-08-11 15:09:43 [INFO] Sending transcription request for: /Users/raer/Documents/code/ncapi/stuff/sagemaker-whisper/recorder/pending/chunk_11_08_2026__15_09_22.mp3 
2026-08-11 15:09:44 [INFO] Transcription successful for: /Users/raer/Documents/code/ncapi/stuff/sagemaker-whisper/recorder/pending/chunk_11_08_2026__15_09_22.mp3 
2026-08-11 15:09:44 [INFO] Transcript saved: processed/transcribed/chunk_11_08_2026__15_09_22.txt 
2026-08-11 15:09:44 [INFO] Audio file moved: processed/audio/chunk_11_08_2026__15_09_22.mp3 
2026-08-11 15:09:44 [INFO] Worker 2 completed: /Users/raer/Documents/code/ncapi/stuff/sagemaker-whisper/recorder/pending/chunk_11_08_2026__15_09_22.mp3 
2026-08-11 15:09:52 [INFO] Status - Queue: 0, Workers: [{"id":1,"processed":0,"failed":0,"currentFile":null},{"id":2,"processed":29,"failed":0,"currentFile":null}] 
2026-08-11 15:10:22 [INFO] Status - Queue: 0, Workers: [{"id":1,"processed":0,"failed":0,"currentFile":null},{"id":2,"processed":29,"failed":0,"currentFile":null}] 
2026-08-11 15:10:43 [INFO] New file detected: /Users/raer/Documents/code/ncapi/stuff/sagemaker-whisper/recorder/pending/chunk_11_08_2026__15_10_22.mp3 
2026-08-11 15:10:43 [INFO] File ready for transcription: /Users/raer/Documents/code/ncapi/stuff/sagemaker-whisper/recorder/pending/chunk_11_08_2026__15_10_22.mp3 
2026-08-11 15:10:43 [INFO] Enqueued: /Users/raer/Documents/code/ncapi/stuff/sagemaker-whisper/recorder/pending/chunk_11_08_2026__15_10_22.mp3 (queue size: 1) 
2026-08-11 15:10:43 [INFO] Worker 2 processing: /Users/raer/Documents/code/ncapi/stuff/sagemaker-whisper/recorder/pending/chunk_11_08_2026__15_10_22.mp3 
2026-08-11 15:10:43 [INFO] Sending transcription request for: /Users/raer/Documents/code/ncapi/stuff/sagemaker-whisper/recorder/pending/chunk_11_08_2026__15_10_22.mp3 
2026-08-11 15:10:44 [INFO] Transcription successful for: /Users/raer/Documents/code/ncapi/stuff/sagemaker-whisper/recorder/pending/chunk_11_08_2026__15_10_22.mp3 
2026-08-11 15:10:44 [INFO] Transcript saved: processed/transcribed/chunk_11_08_2026__15_10_22.txt 
2026-08-11 15:10:44 [INFO] Audio file moved: processed/audio/chunk_11_08_2026__15_10_22.mp3 
2026-08-11 15:10:44 [INFO] Worker 2 completed: /Users/raer/Documents/code/ncapi/stuff/sagemaker-whisper/recorder/pending/chunk_11_08_2026__15_10_22.mp3 
2026-08-11 15:10:52 [INFO] Status - Queue: 0, Workers: [{"id":1,"processed":0,"failed":0,"currentFile":null},{"id":2,"processed":30,"failed":0,"currentFile":null}] 
2026-08-11 15:11:22 [INFO] Status - Queue: 0, Workers: [{"id":1,"processed":0,"failed":0,"currentFile":null},{"id":2,"processed":30,"failed":0,"currentFile":null}] 
2026-08-11 15:11:44 [INFO] New file detected: /Users/raer/Documents/code/ncapi/stuff/sagemaker-whisper/recorder/pending/chunk_11_08_2026__15_11_22.mp3 
2026-08-11 15:11:44 [INFO] File ready for transcription: /Users/raer/Documents/code/ncapi/stuff/sagemaker-whisper/recorder/pending/chunk_11_08_2026__15_11_22.mp3 
2026-08-11 15:11:44 [INFO] Enqueued: /Users/raer/Documents/code/ncapi/stuff/sagemaker-whisper/recorder/pending/chunk_11_08_2026__15_11_22.mp3 (queue size: 1) 
2026-08-11 15:11:44 [INFO] Worker 2 processing: /Users/raer/Documents/code/ncapi/stuff/sagemaker-whisper/recorder/pending/chunk_11_08_2026__15_11_22.mp3 
2026-08-11 15:11:44 [INFO] Sending transcription request for: /Users/raer/Documents/code/ncapi/stuff/sagemaker-whisper/recorder/pending/chunk_11_08_2026__15_11_22.mp3 
2026-08-11 15:11:45 [INFO] Transcription successful for: /Users/raer/Documents/code/ncapi/stuff/sagemaker-whisper/recorder/pending/chunk_11_08_2026__15_11_22.mp3 
2026-08-11 15:11:45 [INFO] Transcript saved: processed/transcribed/chunk_11_08_2026__15_11_22.txt 
2026-08-11 15:11:45 [INFO] Audio file moved: processed/audio/chunk_11_08_2026__15_11_22.mp3 
2026-08-11 15:11:45 [INFO] Worker 2 completed: /Users/raer/Documents/code/ncapi/stuff/sagemaker-whisper/recorder/pending/chunk_11_08_2026__15_11_22.mp3 
2026-08-11 15:11:52 [INFO] Status - Queue: 0, Workers: [{"id":1,"processed":0,"failed":0,"currentFile":null},{"id":2,"processed":31,"failed":0,"currentFile":null}] 
2026-08-11 15:12:22 [INFO] Status - Queue: 0, Workers: [{"id":1,"processed":0,"failed":0,"currentFile":null},{"id":2,"processed":31,"failed":0,"currentFile":null}] 
2026-08-11 15:12:47 [INFO] New file detected: /Users/raer/Documents/code/ncapi/stuff/sagemaker-whisper/recorder/pending/chunk_11_08_2026__15_12_22.mp3 
2026-08-11 15:12:47 [INFO] File ready for transcription: /Users/raer/Documents/code/ncapi/stuff/sagemaker-whisper/recorder/pending/chunk_11_08_2026__15_12_22.mp3 
2026-08-11 15:12:47 [INFO] Enqueued: /Users/raer/Documents/code/ncapi/stuff/sagemaker-whisper/recorder/pending/chunk_11_08_2026__15_12_22.mp3 (queue size: 1) 
2026-08-11 15:12:47 [INFO] Worker 2 processing: /Users/raer/Documents/code/ncapi/stuff/sagemaker-whisper/recorder/pending/chunk_11_08_2026__15_12_22.mp3 
2026-08-11 15:12:47 [INFO] Sending transcription request for: /Users/raer/Documents/code/ncapi/stuff/sagemaker-whisper/recorder/pending/chunk_11_08_2026__15_12_22.mp3 
2026-08-11 15:12:48 [INFO] Transcription successful for: /Users/raer/Documents/code/ncapi/stuff/sagemaker-whisper/recorder/pending/chunk_11_08_2026__15_12_22.mp3 
2026-08-11 15:12:48 [INFO] Transcript saved: processed/transcribed/chunk_11_08_2026__15_12_22.txt 
2026-08-11 15:12:48 [INFO] Audio file moved: processed/audio/chunk_11_08_2026__15_12_22.mp3 
2026-08-11 15:12:48 [INFO] Worker 2 completed: /Users/raer/Documents/code/ncapi/stuff/sagemaker-whisper/recorder/pending/chunk_11_08_2026__15_12_22.mp3 
2026-08-11 15:12:52 [INFO] Status - Queue: 0, Workers: [{"id":1,"processed":0,"failed":0,"currentFile":null},{"id":2,"processed":32,"failed":0,"currentFile":null}] 
2026-08-11 15:13:22 [INFO] Status - Queue: 0, Workers: [{"id":1,"processed":0,"failed":0,"currentFile":null},{"id":2,"processed":32,"failed":0,"currentFile":null}] 
2026-08-11 15:13:39 [INFO] New file detected: /Users/raer/Documents/code/ncapi/stuff/sagemaker-whisper/recorder/pending/chunk_11_08_2026__15_13_22.mp3 
2026-08-11 15:13:39 [INFO] File ready for transcription: /Users/raer/Documents/code/ncapi/stuff/sagemaker-whisper/recorder/pending/chunk_11_08_2026__15_13_22.mp3 
2026-08-11 15:13:39 [INFO] Enqueued: /Users/raer/Documents/code/ncapi/stuff/sagemaker-whisper/recorder/pending/chunk_11_08_2026__15_13_22.mp3 (queue size: 1) 
2026-08-11 15:13:39 [INFO] Worker 2 processing: /Users/raer/Documents/code/ncapi/stuff/sagemaker-whisper/recorder/pending/chunk_11_08_2026__15_13_22.mp3 
2026-08-11 15:13:39 [INFO] Sending transcription request for: /Users/raer/Documents/code/ncapi/stuff/sagemaker-whisper/recorder/pending/chunk_11_08_2026__15_13_22.mp3 
2026-08-11 15:13:40 [INFO] Transcription successful for: /Users/raer/Documents/code/ncapi/stuff/sagemaker-whisper/recorder/pending/chunk_11_08_2026__15_13_22.mp3 
2026-08-11 15:13:40 [INFO] Transcript saved: processed/transcribed/chunk_11_08_2026__15_13_22.txt 
2026-08-11 15:13:40 [INFO] Audio file moved: processed/audio/chunk_11_08_2026__15_13_22.mp3 
2026-08-11 15:13:40 [INFO] Worker 2 completed: /Users/raer/Documents/code/ncapi/stuff/sagemaker-whisper/recorder/pending/chunk_11_08_2026__15_13_22.mp3 
2026-08-11 15:13:52 [INFO] Status - Queue: 0, Workers: [{"id":1,"processed":0,"failed":0,"currentFile":null},{"id":2,"processed":33,"failed":0,"currentFile":null}] 
2026-08-11 15:14:22 [INFO] Status - Queue: 0, Workers: [{"id":1,"processed":0,"failed":0,"currentFile":null},{"id":2,"processed":33,"failed":0,"currentFile":null}] 
2026-08-11 15:14:44 [INFO] New file detected: /Users/raer/Documents/code/ncapi/stuff/sagemaker-whisper/recorder/pending/chunk_11_08_2026__15_14_22.mp3 
2026-08-11 15:14:45 [INFO] File ready for transcription: /Users/raer/Documents/code/ncapi/stuff/sagemaker-whisper/recorder/pending/chunk_11_08_2026__15_14_22.mp3 
2026-08-11 15:14:45 [INFO] Enqueued: /Users/raer/Documents/code/ncapi/stuff/sagemaker-whisper/recorder/pending/chunk_11_08_2026__15_14_22.mp3 (queue size: 1) 
2026-08-11 15:14:45 [INFO] Worker 2 processing: /Users/raer/Documents/code/ncapi/stuff/sagemaker-whisper/recorder/pending/chunk_11_08_2026__15_14_22.mp3 
2026-08-11 15:14:45 [INFO] Sending transcription request for: /Users/raer/Documents/code/ncapi/stuff/sagemaker-whisper/recorder/pending/chunk_11_08_2026__15_14_22.mp3 
2026-08-11 15:14:45 [INFO] Transcription successful for: /Users/raer/Documents/code/ncapi/stuff/sagemaker-whisper/recorder/pending/chunk_11_08_2026__15_14_22.mp3 
2026-08-11 15:14:45 [INFO] Transcript saved: processed/transcribed/chunk_11_08_2026__15_14_22.txt 
2026-08-11 15:14:45 [INFO] Audio file moved: processed/audio/chunk_11_08_2026__15_14_22.mp3 
2026-08-11 15:14:45 [INFO] Worker 2 completed: /Users/raer/Documents/code/ncapi/stuff/sagemaker-whisper/recorder/pending/chunk_11_08_2026__15_14_22.mp3 
2026-08-11 15:14:52 [INFO] Status - Queue: 0, Workers: [{"id":1,"processed":0,"failed":0,"currentFile":null},{"id":2,"processed":34,"failed":0,"currentFile":null}] 
2026-08-11 15:15:22 [INFO] Status - Queue: 0, Workers: [{"id":1,"processed":0,"failed":0,"currentFile":null},{"id":2,"processed":34,"failed":0,"currentFile":null}] 
2026-08-11 15:15:44 [INFO] New file detected: /Users/raer/Documents/code/ncapi/stuff/sagemaker-whisper/recorder/pending/chunk_11_08_2026__15_15_22.mp3 
2026-08-11 15:15:44 [INFO] File ready for transcription: /Users/raer/Documents/code/ncapi/stuff/sagemaker-whisper/recorder/pending/chunk_11_08_2026__15_15_22.mp3 
2026-08-11 15:15:44 [INFO] Enqueued: /Users/raer/Documents/code/ncapi/stuff/sagemaker-whisper/recorder/pending/chunk_11_08_2026__15_15_22.mp3 (queue size: 1) 
2026-08-11 15:15:44 [INFO] Worker 2 processing: /Users/raer/Documents/code/ncapi/stuff/sagemaker-whisper/recorder/pending/chunk_11_08_2026__15_15_22.mp3 
2026-08-11 15:15:44 [INFO] Sending transcription request for: /Users/raer/Documents/code/ncapi/stuff/sagemaker-whisper/recorder/pending/chunk_11_08_2026__15_15_22.mp3 
2026-08-11 15:15:44 [INFO] Transcription successful for: /Users/raer/Documents/code/ncapi/stuff/sagemaker-whisper/recorder/pending/chunk_11_08_2026__15_15_22.mp3 
2026-08-11 15:15:44 [INFO] Transcript saved: processed/transcribed/chunk_11_08_2026__15_15_22.txt 
2026-08-11 15:15:44 [INFO] Audio file moved: processed/audio/chunk_11_08_2026__15_15_22.mp3 
2026-08-11 15:15:44 [INFO] Worker 2 completed: /Users/raer/Documents/code/ncapi/stuff/sagemaker-whisper/recorder/pending/chunk_11_08_2026__15_15_22.mp3 
2026-08-11 15:15:52 [INFO] Status - Queue: 0, Workers: [{"id":1,"processed":0,"failed":0,"currentFile":null},{"id":2,"processed":35,"failed":0,"currentFile":null}] 
2026-08-11 15:16:22 [INFO] Status - Queue: 0, Workers: [{"id":1,"processed":0,"failed":0,"currentFile":null},{"id":2,"processed":35,"failed":0,"currentFile":null}] 
2026-08-11 15:16:42 [INFO] New file detected: /Users/raer/Documents/code/ncapi/stuff/sagemaker-whisper/recorder/pending/chunk_11_08_2026__15_16_22.mp3 
2026-08-11 15:16:42 [INFO] File ready for transcription: /Users/raer/Documents/code/ncapi/stuff/sagemaker-whisper/recorder/pending/chunk_11_08_2026__15_16_22.mp3 
2026-08-11 15:16:42 [INFO] Enqueued: /Users/raer/Documents/code/ncapi/stuff/sagemaker-whisper/recorder/pending/chunk_11_08_2026__15_16_22.mp3 (queue size: 1) 
2026-08-11 15:16:42 [INFO] Worker 2 processing: /Users/raer/Documents/code/ncapi/stuff/sagemaker-whisper/recorder/pending/chunk_11_08_2026__15_16_22.mp3 
2026-08-11 15:16:42 [INFO] Sending transcription request for: /Users/raer/Documents/code/ncapi/stuff/sagemaker-whisper/recorder/pending/chunk_11_08_2026__15_16_22.mp3 
2026-08-11 15:16:43 [INFO] Transcription successful for: /Users/raer/Documents/code/ncapi/stuff/sagemaker-whisper/recorder/pending/chunk_11_08_2026__15_16_22.mp3 
2026-08-11 15:16:43 [INFO] Transcript saved: processed/transcribed/chunk_11_08_2026__15_16_22.txt 
2026-08-11 15:16:43 [INFO] Audio file moved: processed/audio/chunk_11_08_2026__15_16_22.mp3 
2026-08-11 15:16:43 [INFO] Worker 2 completed: /Users/raer/Documents/code/ncapi/stuff/sagemaker-whisper/recorder/pending/chunk_11_08_2026__15_16_22.mp3 
2026-08-11 15:16:52 [INFO] Status - Queue: 0, Workers: [{"id":1,"processed":0,"failed":0,"currentFile":null},{"id":2,"processed":36,"failed":0,"currentFile":null}] 
2026-08-11 15:17:22 [INFO] Status - Queue: 0, Workers: [{"id":1,"processed":0,"failed":0,"currentFile":null},{"id":2,"processed":36,"failed":0,"currentFile":null}] 
2026-08-11 15:17:43 [INFO] New file detected: /Users/raer/Documents/code/ncapi/stuff/sagemaker-whisper/recorder/pending/chunk_11_08_2026__15_17_22.mp3 
2026-08-11 15:17:43 [INFO] File ready for transcription: /Users/raer/Documents/code/ncapi/stuff/sagemaker-whisper/recorder/pending/chunk_11_08_2026__15_17_22.mp3 
2026-08-11 15:17:43 [INFO] Enqueued: /Users/raer/Documents/code/ncapi/stuff/sagemaker-whisper/recorder/pending/chunk_11_08_2026__15_17_22.mp3 (queue size: 1) 
2026-08-11 15:17:43 [INFO] Worker 2 processing: /Users/raer/Documents/code/ncapi/stuff/sagemaker-whisper/recorder/pending/chunk_11_08_2026__15_17_22.mp3 
2026-08-11 15:17:43 [INFO] Sending transcription request for: /Users/raer/Documents/code/ncapi/stuff/sagemaker-whisper/recorder/pending/chunk_11_08_2026__15_17_22.mp3 
2026-08-11 15:17:44 [INFO] Transcription successful for: /Users/raer/Documents/code/ncapi/stuff/sagemaker-whisper/recorder/pending/chunk_11_08_2026__15_17_22.mp3 
2026-08-11 15:17:44 [INFO] Transcript saved: processed/transcribed/chunk_11_08_2026__15_17_22.txt 
2026-08-11 15:17:44 [INFO] Audio file moved: processed/audio/chunk_11_08_2026__15_17_22.mp3 
2026-08-11 15:17:44 [INFO] Worker 2 completed: /Users/raer/Documents/code/ncapi/stuff/sagemaker-whisper/recorder/pending/chunk_11_08_2026__15_17_22.mp3 
2026-08-11 15:17:52 [INFO] Status - Queue: 0, Workers: [{"id":1,"processed":0,"failed":0,"currentFile":null},{"id":2,"processed":37,"failed":0,"currentFile":null}] 
2026-08-11 15:18:22 [INFO] Status - Queue: 0, Workers: [{"id":1,"processed":0,"failed":0,"currentFile":null},{"id":2,"processed":37,"failed":0,"currentFile":null}] 
2026-08-11 15:18:46 [INFO] New file detected: /Users/raer/Documents/code/ncapi/stuff/sagemaker-whisper/recorder/pending/chunk_11_08_2026__15_18_22.mp3 
2026-08-11 15:18:46 [INFO] File ready for transcription: /Users/raer/Documents/code/ncapi/stuff/sagemaker-whisper/recorder/pending/chunk_11_08_2026__15_18_22.mp3 
2026-08-11 15:18:46 [INFO] Enqueued: /Users/raer/Documents/code/ncapi/stuff/sagemaker-whisper/recorder/pending/chunk_11_08_2026__15_18_22.mp3 (queue size: 1) 
2026-08-11 15:18:46 [INFO] Worker 2 processing: /Users/raer/Documents/code/ncapi/stuff/sagemaker-whisper/recorder/pending/chunk_11_08_2026__15_18_22.mp3 
2026-08-11 15:18:46 [INFO] Sending transcription request for: /Users/raer/Documents/code/ncapi/stuff/sagemaker-whisper/recorder/pending/chunk_11_08_2026__15_18_22.mp3 
2026-08-11 15:18:47 [INFO] Transcription successful for: /Users/raer/Documents/code/ncapi/stuff/sagemaker-whisper/recorder/pending/chunk_11_08_2026__15_18_22.mp3 
2026-08-11 15:18:47 [INFO] Transcript saved: processed/transcribed/chunk_11_08_2026__15_18_22.txt 
2026-08-11 15:18:47 [INFO] Audio file moved: processed/audio/chunk_11_08_2026__15_18_22.mp3 
2026-08-11 15:18:47 [INFO] Worker 2 completed: /Users/raer/Documents/code/ncapi/stuff/sagemaker-whisper/recorder/pending/chunk_11_08_2026__15_18_22.mp3 
2026-08-11 15:18:52 [INFO] Status - Queue: 0, Workers: [{"id":1,"processed":0,"failed":0,"currentFile":null},{"id":2,"processed":38,"failed":0,"currentFile":null}] 
2026-08-11 15:19:22 [INFO] Status - Queue: 0, Workers: [{"id":1,"processed":0,"failed":0,"currentFile":null},{"id":2,"processed":38,"failed":0,"currentFile":null}] 
2026-08-11 15:19:43 [INFO] New file detected: /Users/raer/Documents/code/ncapi/stuff/sagemaker-whisper/recorder/pending/chunk_11_08_2026__15_19_22.mp3 
2026-08-11 15:19:43 [INFO] File ready for transcription: /Users/raer/Documents/code/ncapi/stuff/sagemaker-whisper/recorder/pending/chunk_11_08_2026__15_19_22.mp3 
2026-08-11 15:19:43 [INFO] Enqueued: /Users/raer/Documents/code/ncapi/stuff/sagemaker-whisper/recorder/pending/chunk_11_08_2026__15_19_22.mp3 (queue size: 1) 
2026-08-11 15:19:43 [INFO] Worker 2 processing: /Users/raer/Documents/code/ncapi/stuff/sagemaker-whisper/recorder/pending/chunk_11_08_2026__15_19_22.mp3 
2026-08-11 15:19:43 [INFO] Sending transcription request for: /Users/raer/Documents/code/ncapi/stuff/sagemaker-whisper/recorder/pending/chunk_11_08_2026__15_19_22.mp3 
2026-08-11 15:19:44 [INFO] Transcription successful for: /Users/raer/Documents/code/ncapi/stuff/sagemaker-whisper/recorder/pending/chunk_11_08_2026__15_19_22.mp3 
2026-08-11 15:19:44 [INFO] Transcript saved: processed/transcribed/chunk_11_08_2026__15_19_22.txt 
2026-08-11 15:19:44 [INFO] Audio file moved: processed/audio/chunk_11_08_2026__15_19_22.mp3 
2026-08-11 15:19:44 [INFO] Worker 2 completed: /Users/raer/Documents/code/ncapi/stuff/sagemaker-whisper/recorder/pending/chunk_11_08_2026__15_19_22.mp3 
2026-08-11 15:19:52 [INFO] Status - Queue: 0, Workers: [{"id":1,"processed":0,"failed":0,"currentFile":null},{"id":2,"processed":39,"failed":0,"currentFile":null}] 
2026-08-11 15:20:22 [INFO] Status - Queue: 0, Workers: [{"id":1,"processed":0,"failed":0,"currentFile":null},{"id":2,"processed":39,"failed":0,"currentFile":null}] 
2026-08-11 15:20:42 [INFO] New file detected: /Users/raer/Documents/code/ncapi/stuff/sagemaker-whisper/recorder/pending/chunk_11_08_2026__15_20_22.mp3 
2026-08-11 15:20:42 [INFO] File ready for transcription: /Users/raer/Documents/code/ncapi/stuff/sagemaker-whisper/recorder/pending/chunk_11_08_2026__15_20_22.mp3 
2026-08-11 15:20:42 [INFO] Enqueued: /Users/raer/Documents/code/ncapi/stuff/sagemaker-whisper/recorder/pending/chunk_11_08_2026__15_20_22.mp3 (queue size: 1) 
2026-08-11 15:20:42 [INFO] Worker 2 processing: /Users/raer/Documents/code/ncapi/stuff/sagemaker-whisper/recorder/pending/chunk_11_08_2026__15_20_22.mp3 
2026-08-11 15:20:42 [INFO] Sending transcription request for: /Users/raer/Documents/code/ncapi/stuff/sagemaker-whisper/recorder/pending/chunk_11_08_2026__15_20_22.mp3 
2026-08-11 15:20:42 [INFO] Transcription successful for: /Users/raer/Documents/code/ncapi/stuff/sagemaker-whisper/recorder/pending/chunk_11_08_2026__15_20_22.mp3 
2026-08-11 15:20:42 [INFO] Transcript saved: processed/transcribed/chunk_11_08_2026__15_20_22.txt 
2026-08-11 15:20:42 [INFO] Audio file moved: processed/audio/chunk_11_08_2026__15_20_22.mp3 
2026-08-11 15:20:42 [INFO] Worker 2 completed: /Users/raer/Documents/code/ncapi/stuff/sagemaker-whisper/recorder/pending/chunk_11_08_2026__15_20_22.mp3 
2026-08-11 15:20:52 [INFO] Status - Queue: 0, Workers: [{"id":1,"processed":0,"failed":0,"currentFile":null},{"id":2,"processed":40,"failed":0,"currentFile":null}] 
2026-08-11 15:21:22 [INFO] Status - Queue: 0, Workers: [{"id":1,"processed":0,"failed":0,"currentFile":null},{"id":2,"processed":40,"failed":0,"currentFile":null}] 
2026-08-11 15:21:41 [INFO] New file detected: /Users/raer/Documents/code/ncapi/stuff/sagemaker-whisper/recorder/pending/chunk_11_08_2026__15_21_22.mp3 
2026-08-11 15:21:41 [INFO] File ready for transcription: /Users/raer/Documents/code/ncapi/stuff/sagemaker-whisper/recorder/pending/chunk_11_08_2026__15_21_22.mp3 
2026-08-11 15:21:41 [INFO] Enqueued: /Users/raer/Documents/code/ncapi/stuff/sagemaker-whisper/recorder/pending/chunk_11_08_2026__15_21_22.mp3 (queue size: 1) 
2026-08-11 15:21:41 [INFO] Worker 2 processing: /Users/raer/Documents/code/ncapi/stuff/sagemaker-whisper/recorder/pending/chunk_11_08_2026__15_21_22.mp3 
2026-08-11 15:21:41 [INFO] Sending transcription request for: /Users/raer/Documents/code/ncapi/stuff/sagemaker-whisper/recorder/pending/chunk_11_08_2026__15_21_22.mp3 
2026-08-11 15:21:42 [INFO] Transcription successful for: /Users/raer/Documents/code/ncapi/stuff/sagemaker-whisper/recorder/pending/chunk_11_08_2026__15_21_22.mp3 
2026-08-11 15:21:42 [INFO] Transcript saved: processed/transcribed/chunk_11_08_2026__15_21_22.txt 
2026-08-11 15:21:42 [INFO] Audio file moved: processed/audio/chunk_11_08_2026__15_21_22.mp3 
2026-08-11 15:21:42 [INFO] Worker 2 completed: /Users/raer/Documents/code/ncapi/stuff/sagemaker-whisper/recorder/pending/chunk_11_08_2026__15_21_22.mp3 
2026-08-11 15:21:52 [INFO] Status - Queue: 0, Workers: [{"id":1,"processed":0,"failed":0,"currentFile":null},{"id":2,"processed":41,"failed":0,"currentFile":null}] 
2026-08-11 15:22:22 [INFO] Status - Queue: 0, Workers: [{"id":1,"processed":0,"failed":0,"currentFile":null},{"id":2,"processed":41,"failed":0,"currentFile":null}] 
2026-08-11 15:22:41 [INFO] New file detected: /Users/raer/Documents/code/ncapi/stuff/sagemaker-whisper/recorder/pending/chunk_11_08_2026__15_22_22.mp3 
2026-08-11 15:22:41 [INFO] File ready for transcription: /Users/raer/Documents/code/ncapi/stuff/sagemaker-whisper/recorder/pending/chunk_11_08_2026__15_22_22.mp3 
2026-08-11 15:22:41 [INFO] Enqueued: /Users/raer/Documents/code/ncapi/stuff/sagemaker-whisper/recorder/pending/chunk_11_08_2026__15_22_22.mp3 (queue size: 1) 
2026-08-11 15:22:41 [INFO] Worker 2 processing: /Users/raer/Documents/code/ncapi/stuff/sagemaker-whisper/recorder/pending/chunk_11_08_2026__15_22_22.mp3 
2026-08-11 15:22:41 [INFO] Sending transcription request for: /Users/raer/Documents/code/ncapi/stuff/sagemaker-whisper/recorder/pending/chunk_11_08_2026__15_22_22.mp3 
2026-08-11 15:22:42 [INFO] Transcription successful for: /Users/raer/Documents/code/ncapi/stuff/sagemaker-whisper/recorder/pending/chunk_11_08_2026__15_22_22.mp3 
2026-08-11 15:22:42 [INFO] Transcript saved: processed/transcribed/chunk_11_08_2026__15_22_22.txt 
2026-08-11 15:22:42 [INFO] Audio file moved: processed/audio/chunk_11_08_2026__15_22_22.mp3 
2026-08-11 15:22:42 [INFO] Worker 2 completed: /Users/raer/Documents/code/ncapi/stuff/sagemaker-whisper/recorder/pending/chunk_11_08_2026__15_22_22.mp3 
2026-08-11 15:22:52 [INFO] Status - Queue: 0, Workers: [{"id":1,"processed":0,"failed":0,"currentFile":null},{"id":2,"processed":42,"failed":0,"currentFile":null}] 
2026-08-11 15:23:22 [INFO] Status - Queue: 0, Workers: [{"id":1,"processed":0,"failed":0,"currentFile":null},{"id":2,"processed":42,"failed":0,"currentFile":null}] 
2026-08-11 15:23:39 [INFO] New file detected: /Users/raer/Documents/code/ncapi/stuff/sagemaker-whisper/recorder/pending/chunk_11_08_2026__15_23_22.mp3 
2026-08-11 15:23:40 [INFO] File ready for transcription: /Users/raer/Documents/code/ncapi/stuff/sagemaker-whisper/recorder/pending/chunk_11_08_2026__15_23_22.mp3 
2026-08-11 15:23:40 [INFO] Enqueued: /Users/raer/Documents/code/ncapi/stuff/sagemaker-whisper/recorder/pending/chunk_11_08_2026__15_23_22.mp3 (queue size: 1) 
2026-08-11 15:23:40 [INFO] Worker 2 processing: /Users/raer/Documents/code/ncapi/stuff/sagemaker-whisper/recorder/pending/chunk_11_08_2026__15_23_22.mp3 
2026-08-11 15:23:40 [INFO] Sending transcription request for: /Users/raer/Documents/code/ncapi/stuff/sagemaker-whisper/recorder/pending/chunk_11_08_2026__15_23_22.mp3 
2026-08-11 15:23:41 [INFO] Transcription successful for: /Users/raer/Documents/code/ncapi/stuff/sagemaker-whisper/recorder/pending/chunk_11_08_2026__15_23_22.mp3 
2026-08-11 15:23:41 [INFO] Transcript saved: processed/transcribed/chunk_11_08_2026__15_23_22.txt 
2026-08-11 15:23:41 [INFO] Audio file moved: processed/audio/chunk_11_08_2026__15_23_22.mp3 
2026-08-11 15:23:41 [INFO] Worker 2 completed: /Users/raer/Documents/code/ncapi/stuff/sagemaker-whisper/recorder/pending/chunk_11_08_2026__15_23_22.mp3 
2026-08-11 15:23:52 [INFO] Status - Queue: 0, Workers: [{"id":1,"processed":0,"failed":0,"currentFile":null},{"id":2,"processed":43,"failed":0,"currentFile":null}] 
2026-08-11 15:24:12 [INFO] Received SIGINT, shutting down... 
